id,resource_type,locator,translatable_string
ef00a45f-8015-4ba1-b2b5-5ac387916154,EXAMPLE_TEXT,"workspace.intents[intent=""ACCENTURE""].examples[0].text","""Accenture"""
12950490-7011-4f35-849b-249b8a035db4,EXAMPLE_TEXT,"workspace.intents[intent=""ACCENTURE""].examples[1].text","""a centure"""
2f2afd76-d5c7-45ea-9d12-56ca868129e1,EXAMPLE_TEXT,"workspace.intents[intent=""ACCENTURE""].examples[2].text","""acenture"""
88775e0d-5016-4d5b-a5f1-1ff10e37b1dc,EXAMPLE_TEXT,"workspace.intents[intent=""ACCENTURE""].examples[3].text","""Estou interessado em saber mais sobre a ACCENTURE"""
76628710-4cbe-4707-bb9a-5e6ee49230bc,EXAMPLE_TEXT,"workspace.intents[intent=""ACCENTURE""].examples[4].text","""Gostaria de ouvir mais informações a respeito da ACCENTURE."""
2629db1e-9e12-492a-a068-03ffd3068c64,EXAMPLE_TEXT,"workspace.intents[intent=""ACCENTURE""].examples[5].text","""O que o maycon fazia na Accenture"""
dcce5fe0-7192-42b0-9d59-b22b14413c4a,EXAMPLE_TEXT,"workspace.intents[intent=""ACCENTURE""].examples[6].text","""Pode me contar mais acerca da ACCENTURE?"""
8530f912-81f0-4945-b9f1-2f19d75df6a2,EXAMPLE_TEXT,"workspace.intents[intent=""ACCENTURE""].examples[7].text","""Poderia compartilhar detalhes sobre a ACCENTURE"""
e5a29d45-3663-4faf-98b2-e5155a2b5957,EXAMPLE_TEXT,"workspace.intents[intent=""ACCENTURE""].examples[8].text","""Poderia me explicar sobre a ACCENTURE?"""
152973c9-4c1a-455a-9b6a-bb44020c9265,EXAMPLE_TEXT,"workspace.intents[intent=""ACCENTURE""].examples[9].text","""Qual a experiência dele na Accenture"""
b2a5693d-c149-4097-89b3-3829ceb8ca7b,EXAMPLE_TEXT,"workspace.intents[intent=""ADEUS""].examples[0].text","""Adeus"""
b2ce0c87-ffbd-496c-ba85-5a6828e50c57,EXAMPLE_TEXT,"workspace.intents[intent=""ADEUS""].examples[1].text","""bye bye"""
ea30120f-022b-4ebb-9f13-b727911d5e6d,EXAMPLE_TEXT,"workspace.intents[intent=""ADEUS""].examples[2].text","""ce manda"""
e0631464-a7d5-4142-abb7-f3ee72958e37,EXAMPLE_TEXT,"workspace.intents[intent=""ADEUS""].examples[3].text","""goodbye"""
aaf801e4-f6e8-4d5a-959d-500fec999c1e,EXAMPLE_TEXT,"workspace.intents[intent=""ADEUS""].examples[4].text","""se manda"""
83bdfe4a-2f3d-43cb-9cfd-ca7780ea5a0a,EXAMPLE_TEXT,"workspace.intents[intent=""ADEUS""].examples[5].text","""simbora"""
8d65fc4f-02f5-4b3b-a99d-16aac2bd355a,EXAMPLE_TEXT,"workspace.intents[intent=""ADEUS""].examples[6].text","""Tchau"""
07477c5a-e192-44dc-ad75-3a2e82cae5b6,EXAMPLE_TEXT,"workspace.intents[intent=""ADEUS""].examples[7].text","""te manda"""
1656ccd6-d84c-4a46-86ff-094445ebfbb1,EXAMPLE_TEXT,"workspace.intents[intent=""ADEUS""].examples[8].text","""vai"""
4c49cebc-0c94-47cf-b437-52ba5fbecf24,EXAMPLE_TEXT,"workspace.intents[intent=""ADEUS""].examples[9].text","""Vai com Deus"""
02aaca29-5e74-45e3-9233-3e58c6745aec,EXAMPLE_TEXT,"workspace.intents[intent=""ADEUS""].examples[10].text","""vai embora"""
508fe3a7-feca-42ba-aae4-5a7a324be0a5,EXAMPLE_TEXT,"workspace.intents[intent=""ADEUS""].examples[11].text","""vai na fé"""
d200791f-67f7-4eba-93d2-6e5b3f46a2e1,EXAMPLE_TEXT,"workspace.intents[intent=""ADEUS""].examples[12].text","""vai simbora"""
ed5134de-cf65-4132-a22f-0ca24ab8867d,EXAMPLE_TEXT,"workspace.intents[intent=""ADEUS""].examples[13].text","""vaza"""
b0d86eca-7f60-40b7-af34-6606b4b5fd0e,EXAMPLE_TEXT,"workspace.intents[intent=""ADEUS""].examples[14].text","""very well"""
ab914504-d7bb-4b97-835c-74bae037b28c,EXAMPLE_TEXT,"workspace.intents[intent=""ADEUS""].examples[15].text","""very welll"""
7cf56d2d-8e6a-40b0-950a-3520a69b8748,EXAMPLE_TEXT,"workspace.intents[intent=""ajuda""].examples[0].text","""cade as opções"""
08715cd2-3f68-4d7a-bfd3-4049cae1d7e2,EXAMPLE_TEXT,"workspace.intents[intent=""ajuda""].examples[1].text","""me mostre o menu"""
47ca1e4a-77df-4757-a53b-38e8b3e98bd5,EXAMPLE_TEXT,"workspace.intents[intent=""ajuda""].examples[2].text","""quero ajuda"""
1c2dccee-8fc4-4096-9e74-04cce487a1a4,EXAMPLE_TEXT,"workspace.intents[intent=""ajuda""].examples[3].text","""sobre menu"""
ac296fd9-c82d-4ccc-ab7e-198b20dc3fb3,EXAMPLE_TEXT,"workspace.intents[intent=""ajuda""].examples[4].text","""sobre opções"""
d996d16a-6857-463b-a74e-3739d593cb59,EXAMPLE_TEXT,"workspace.intents[intent=""ajuda""].examples[5].text","""socorro, preciso de ajuda"""
01ed158f-ae4e-43ca-be7e-edcdc52e8e12,EXAMPLE_TEXT,"workspace.intents[intent=""certificações""].examples[0].text","""badges"""
1074f4d6-aa9d-4383-9c76-9d24eac8012c,EXAMPLE_TEXT,"workspace.intents[intent=""certificações""].examples[1].text","""Certificações"""
7a11a7ad-bc49-4a97-b8d7-b4f886364044,EXAMPLE_TEXT,"workspace.intents[intent=""certificações""].examples[2].text","""certificado"""
8a5c2221-7b32-44a9-ba08-346454417ee5,EXAMPLE_TEXT,"workspace.intents[intent=""certificações""].examples[3].text","""diplomas"""
38c7d8bd-bdc9-4864-a1cc-b1d41be00db7,EXAMPLE_TEXT,"workspace.intents[intent=""certificações""].examples[4].text","""ele tem algum certificado"""
a193d022-63ff-4d60-9210-f50034f7ec61,EXAMPLE_TEXT,"workspace.intents[intent=""certificações""].examples[5].text","""maycon possui alguma certificação"""
467882da-a820-49dc-8419-11f0b77cc2e2,EXAMPLE_TEXT,"workspace.intents[intent=""certificações""].examples[6].text","""queria saber sobre suas certificações"""
ef3e8934-4abd-41e1-ad1f-0b44319a68c1,EXAMPLE_TEXT,"workspace.intents[intent=""certificações""].examples[7].text","""títulos"""
1b3e1ccc-df3f-4018-a9e5-cbcb3f18913e,EXAMPLE_TEXT,"workspace.intents[intent=""começar""].examples[0].text","""começar"""
f5d9f7ac-4a1a-4305-a1e9-9703fea21d5b,EXAMPLE_TEXT,"workspace.intents[intent=""começar""].examples[1].text","""de novo"""
80ed9510-fb00-498b-b14b-4ed524925173,EXAMPLE_TEXT,"workspace.intents[intent=""começar""].examples[2].text","""recomeçar"""
7a05dbef-7fd4-4f7e-8c7e-6b30853d11a9,EXAMPLE_TEXT,"workspace.intents[intent=""contato""].examples[0].text","""como faço para entrar em contato com maycon"""
77876dcd-0548-4490-9385-31d6f9374eaf,EXAMPLE_TEXT,"workspace.intents[intent=""contato""].examples[1].text","""como falo com ele"""
af1591a1-7077-48a2-9530-95794658bd4c,EXAMPLE_TEXT,"workspace.intents[intent=""contato""].examples[2].text","""ele teem e-mail"""
ea75e4ec-afbe-4d87-a731-559c9afc35a5,EXAMPLE_TEXT,"workspace.intents[intent=""contato""].examples[3].text","""ele tem mail"""
bb4eaede-23a3-4c34-a462-5eec4f8e0086,EXAMPLE_TEXT,"workspace.intents[intent=""contato""].examples[4].text","""qual contato do maycon"""
a5a7482c-7a73-4bbb-9c2a-6935857c289d,EXAMPLE_TEXT,"workspace.intents[intent=""contato""].examples[5].text","""qual telefone do maycon"""
b8502fe4-408c-4651-b54f-a347bc7bb3df,EXAMPLE_TEXT,"workspace.intents[intent=""contato""].examples[6].text","""qual zap do maycon"""
685b2e74-c9da-414a-a23e-2029c00b8ccf,EXAMPLE_TEXT,"workspace.intents[intent=""contato""].examples[7].text","""que hora q ele pode falar comigo"""
c74c6c6c-45e0-456c-8139-2225f4abb694,EXAMPLE_TEXT,"workspace.intents[intent=""contato""].examples[8].text","""quero falar diretamente com maycon"""
d7418c4b-14d9-42a4-8ab8-829d35912fc5,EXAMPLE_TEXT,"workspace.intents[intent=""contato""].examples[9].text","""quero falar diretametne com ele"""
17eb905d-6ad9-406d-a56a-7ad37e945482,EXAMPLE_TEXT,"workspace.intents[intent=""Curriculo""].examples[0].text","""Como posso ver o curriculo do maycon"""
312c84ce-47b8-46f7-94af-ef5730613d15,EXAMPLE_TEXT,"workspace.intents[intent=""Curriculo""].examples[1].text","""curriculo do maycon"""
3659dd5f-78a2-4e74-924d-e3ca17f3aa0f,EXAMPLE_TEXT,"workspace.intents[intent=""Curriculo""].examples[2].text","""ele tem linkedim"""
9958d165-c979-4b2f-9364-1820ecdb3f6c,EXAMPLE_TEXT,"workspace.intents[intent=""Curriculo""].examples[3].text","""onde posso acessar o curriculo do maycon"""
fe1429e1-f39f-4b22-9930-98c3e723cd49,EXAMPLE_TEXT,"workspace.intents[intent=""Curriculo""].examples[4].text","""Qual é o curriculo"""
9d03b47a-1450-4abc-91da-10c2c7aca3fe,EXAMPLE_TEXT,"workspace.intents[intent=""Curriculo""].examples[5].text","""Qual é o linkedin dele"""
434dca8a-b595-4473-b979-57de67cd4f9d,EXAMPLE_TEXT,"workspace.intents[intent=""Curriculo""].examples[6].text","""Quero ver o curriculo dele"""
cf382bec-bfd8-4e98-9772-8a560b213081,EXAMPLE_TEXT,"workspace.intents[intent=""Curriculo""].examples[7].text","""Quero ver o linkedin do Maycon"""
d3afebbb-d893-4694-9495-c6f33c415a20,EXAMPLE_TEXT,"workspace.intents[intent=""emojis""].examples[0].text",""":"""
17ab6bb8-1081-49ef-9abb-97aa671e511d,EXAMPLE_TEXT,"workspace.intents[intent=""emojis""].examples[1].text","""emoji"""
0ab9f738-d1f4-4746-8e0f-25b8cf807ce6,EXAMPLE_TEXT,"workspace.intents[intent=""emojis""].examples[2].text","""isso é um emoji"""
b35405e3-9bf8-42d6-9218-9eb57b24fc06,EXAMPLE_TEXT,"workspace.intents[intent=""experiencia""].examples[0].text","""aonde ele trabalhou"""
b87313e3-eb49-4a9b-aacf-4a2a7590cde5,EXAMPLE_TEXT,"workspace.intents[intent=""experiencia""].examples[1].text","""com o que ele trabalhou"""
108a18c7-7806-4863-93c1-13935a016f44,EXAMPLE_TEXT,"workspace.intents[intent=""experiencia""].examples[2].text","""onde ele trabalha"""
ef02a205-3e03-4f15-bdd6-cea284a5378e,EXAMPLE_TEXT,"workspace.intents[intent=""experiencia""].examples[3].text","""onde o maycon trabalha"""
7dfe88e5-1c90-4fb5-b929-d1a5df56efa7,EXAMPLE_TEXT,"workspace.intents[intent=""experiencia""].examples[4].text","""qual é a empresa"""
036c6842-69cb-4761-b4c2-ac9dfacdaf46,EXAMPLE_TEXT,"workspace.intents[intent=""experiencia""].examples[5].text","""qual foi o emprego"""
737ad163-9e34-4625-a0b2-88de04a66b55,EXAMPLE_TEXT,"workspace.intents[intent=""experiencia""].examples[6].text","""qual foi o primeiro emprego"""
ef2955fd-d5f2-487f-bd56-3c0196ee51b9,EXAMPLE_TEXT,"workspace.intents[intent=""experiencia""].examples[7].text","""qual foi o ultimo emprego"""
bc9b7965-6ec5-47fc-9133-876fdd42c073,EXAMPLE_TEXT,"workspace.intents[intent=""experiencia""].examples[8].text","""que empresa"""
fe1e116d-645b-4e31-9daa-35255f7fbdee,EXAMPLE_TEXT,"workspace.intents[intent=""habilidades""].examples[0].text","""com o q ele trabalha"""
113c175b-45b1-42da-ae10-c959be1eef1c,EXAMPLE_TEXT,"workspace.intents[intent=""habilidades""].examples[1].text","""com o que ele trabalha dia a dia"""
6d7e6ce0-9a8d-4cad-8f68-a3541a09705b,EXAMPLE_TEXT,"workspace.intents[intent=""habilidades""].examples[2].text","""o que ele sabe"""
c3b41f88-21b0-433e-8563-0f203d3566e4,EXAMPLE_TEXT,"workspace.intents[intent=""habilidades""].examples[3].text","""o que o maycon sabe"""
682adc5f-94fb-4efd-a290-9765b4477396,EXAMPLE_TEXT,"workspace.intents[intent=""habilidades""].examples[4].text","""quais ferramentas"""
5ad83a8c-850d-4a02-8362-79804d0b9776,EXAMPLE_TEXT,"workspace.intents[intent=""habilidades""].examples[5].text","""quais linguagens de programação ele usa"""
1c3947ee-65c3-4a92-a839-6b5d0760ba0b,EXAMPLE_TEXT,"workspace.intents[intent=""habilidades""].examples[6].text","""quais linguagens de programa ele atua"""
f4a96469-853e-4d68-8456-6ab1f426e86b,EXAMPLE_TEXT,"workspace.intents[intent=""habilidades""].examples[7].text","""quais são suas ferramentas de trabalho"""
62577dca-9e1a-4217-ba46-457639190a07,EXAMPLE_TEXT,"workspace.intents[intent=""habilidades""].examples[8].text","""quais sao suas habilidades"""
84451271-8673-497b-bb40-b69a9143c562,EXAMPLE_TEXT,"workspace.intents[intent=""habilidades""].examples[9].text","""quais sao suas skills"""
88c5b7fd-2577-4434-a499-4d0129da3947,EXAMPLE_TEXT,"workspace.intents[intent=""habilidades""].examples[10].text","""qual ferramenta"""
88e0772c-db1e-40cd-984e-c2917a604fe5,EXAMPLE_TEXT,"workspace.intents[intent=""habilidades""].examples[11].text","""que linguagens ele domina"""
7c6964a8-4777-4a87-8815-412f552b643b,EXAMPLE_TEXT,"workspace.intents[intent=""habilidades""].examples[12].text","""quero saber as ferramentas q ele usa"""
677c5e99-f470-4c8b-b973-d8d2bfed093b,EXAMPLE_TEXT,"workspace.intents[intent=""IBM""].examples[0].text","""ele trabalhou na IBM"""
21b36410-6ead-4c4e-b90b-9a9b71d48dbf,EXAMPLE_TEXT,"workspace.intents[intent=""IBM""].examples[1].text","""Em qual empresa ele está trabalhando agora?"""
1ec3cb1c-dcc8-44e3-8010-4c927ca6798b,EXAMPLE_TEXT,"workspace.intents[intent=""IBM""].examples[2].text","""Em que empresa ele se encontra no momento?"""
76a6b628-5521-4692-bafa-c36412e0aefc,EXAMPLE_TEXT,"workspace.intents[intent=""IBM""].examples[3].text","""Estou interessado em saber mais sobre a IBM."""
47fdbc4f-a49b-4af6-b2f5-08aa698ef8cd,EXAMPLE_TEXT,"workspace.intents[intent=""IBM""].examples[4].text","""Gostaria de ouvir mais informações a respeito da IBM."""
625a6050-cf13-47b9-b2b8-3f58918e017f,EXAMPLE_TEXT,"workspace.intents[intent=""IBM""].examples[5].text","""i.b.m"""
370606c2-c6b9-4627-9fec-4719b205980b,EXAMPLE_TEXT,"workspace.intents[intent=""IBM""].examples[6].text","""IBM"""
0d6312df-fe8b-448e-b966-820936e88588,EXAMPLE_TEXT,"workspace.intents[intent=""IBM""].examples[7].text","""industrial business machine"""
e9bb1317-7fcb-42d1-aa39-6b3195c578f9,EXAMPLE_TEXT,"workspace.intents[intent=""IBM""].examples[8].text","""Pode me contar mais acerca da IBM?"""
da3f9e50-4a17-45d9-9fc6-ab168a63dbc1,EXAMPLE_TEXT,"workspace.intents[intent=""IBM""].examples[9].text","""Poderia compartilhar detalhes sobre a IBM?"""
0bb5e1ff-a87a-40a9-8af9-669265307c80,EXAMPLE_TEXT,"workspace.intents[intent=""IBM""].examples[10].text","""Poderia me explicar sobre a IBM?"""
52b51194-77c7-49a1-ab63-50a19d06e6ec,EXAMPLE_TEXT,"workspace.intents[intent=""IBM""].examples[11].text","""Qual é a companhia onde ele está atualmente atuando?"""
6fcae660-9dae-48d0-9982-c5166d05ebf9,EXAMPLE_TEXT,"workspace.intents[intent=""IBM""].examples[12].text","""Qual é a instituição na qual ele está empregado no presente momento?"""
fb9fc7b9-c7b6-4ea3-9a90-92c648910227,EXAMPLE_TEXT,"workspace.intents[intent=""IBM""].examples[13].text","""Qual é a organização onde ele está atualmente empregado?"""
3d6bd3c0-fa56-45db-af8c-b3a9617b5f01,EXAMPLE_TEXT,"workspace.intents[intent=""IBM""].examples[14].text","""qual é o emprego mais recente dele"""
0ed9236d-9ef9-4111-8d3e-212dc6e16197,EXAMPLE_TEXT,"workspace.intents[intent=""NÃO""].examples[0].text","""basta"""
263b5fc0-8f47-4189-b4aa-c428c5affdad,EXAMPLE_TEXT,"workspace.intents[intent=""NÃO""].examples[1].text","""cansei"""
892258bd-03e3-47ef-af3c-2f68e071371b,EXAMPLE_TEXT,"workspace.intents[intent=""NÃO""].examples[2].text","""chega"""
f63c09cf-ff2a-4a25-8971-11f05531acfe,EXAMPLE_TEXT,"workspace.intents[intent=""NÃO""].examples[3].text","""claro q nao"""
d258fd5a-274d-4fb2-a790-f1221a7bfaa8,EXAMPLE_TEXT,"workspace.intents[intent=""NÃO""].examples[4].text","""claro que não"""
b0f47df2-a1c3-43a5-af20-8eb98957758d,EXAMPLE_TEXT,"workspace.intents[intent=""NÃO""].examples[5].text","""defitivamente não"""
d61caf6f-1c39-4388-8810-57fa138eab86,EXAMPLE_TEXT,"workspace.intents[intent=""NÃO""].examples[6].text","""já basta"""
805d3840-77fa-4f7f-a4f0-0b966190ea6a,EXAMPLE_TEXT,"workspace.intents[intent=""NÃO""].examples[7].text","""já deu"""
b22cb3f2-b198-4c96-8f60-25b63b990323,EXAMPLE_TEXT,"workspace.intents[intent=""NÃO""].examples[8].text","""não"""
14b6ba9b-8ad8-4877-89a4-8b9b29ac8898,EXAMPLE_TEXT,"workspace.intents[intent=""NÃO""].examples[9].text","""não quero mais"""
8f0fe64b-78a9-45f6-a6ee-75c38e4519a6,EXAMPLE_TEXT,"workspace.intents[intent=""NÃO""].examples[10].text","""não quero saber"""
a4118c60-40bf-47eb-aa21-012e57b88d18,EXAMPLE_TEXT,"workspace.intents[intent=""NÃO""].examples[11].text","""no"""
b4d436be-cc08-42a6-8020-c9e5c83c95fd,EXAMPLE_TEXT,"workspace.intents[intent=""NÃO""].examples[12].text","""nop"""
5097c709-02ec-427f-9ea7-5aa72c8ddc2b,EXAMPLE_TEXT,"workspace.intents[intent=""NTTDATA""].examples[0].text","""Estou interessado em saber mais sobre a Everis."""
38e037f4-a43f-42f6-a9c5-04d2e2c20639,EXAMPLE_TEXT,"workspace.intents[intent=""NTTDATA""].examples[1].text","""Estou interessado em saber mais sobre a NTT DATA."""
be55a356-a7c3-4326-b284-f0702cad269c,EXAMPLE_TEXT,"workspace.intents[intent=""NTTDATA""].examples[2].text","""Everis"""
bb09b979-0edc-4eca-b0e2-2e8cf6badcfc,EXAMPLE_TEXT,"workspace.intents[intent=""NTTDATA""].examples[3].text","""Gostaria de ouvir mais informações a respeito da Everis."""
dd47230e-b1ea-4b3a-a88d-bfa02b1952a6,EXAMPLE_TEXT,"workspace.intents[intent=""NTTDATA""].examples[4].text","""Gostaria de ouvir mais informações a respeito da NTT DATA."""
80bb0ae5-7600-41d5-b0f7-71c947a69a9d,EXAMPLE_TEXT,"workspace.intents[intent=""NTTDATA""].examples[5].text","""NTT DATA"""
66896663-048a-4191-8d2b-181ac5d267e8,EXAMPLE_TEXT,"workspace.intents[intent=""NTTDATA""].examples[6].text","""Pode me contar mais acerca da Everis?"""
0c22f2c5-be36-49a1-9114-44f1a0e9cf4a,EXAMPLE_TEXT,"workspace.intents[intent=""NTTDATA""].examples[7].text","""Pode me contar mais acerca da NTT DATA?"""
7be151a6-efc2-4b10-a12d-5b20d6173754,EXAMPLE_TEXT,"workspace.intents[intent=""NTTDATA""].examples[8].text","""Poderia compartilhar detalhes sobre a Everis?"""
d1aa2148-b136-4472-a95f-22b14b99173d,EXAMPLE_TEXT,"workspace.intents[intent=""NTTDATA""].examples[9].text","""Poderia compartilhar detalhes sobre a NTT DATA?"""
18503504-d553-42df-97c3-a2562ef2ca8c,EXAMPLE_TEXT,"workspace.intents[intent=""NTTDATA""].examples[10].text","""Poderia me explicar sobre a Everis?"""
dff18cad-315d-4b42-892f-b097f706245f,EXAMPLE_TEXT,"workspace.intents[intent=""NTTDATA""].examples[11].text","""Poderia me explicar sobre a NTT DATA?"""
2a63625e-1ccb-458f-b0d3-1d724a4bc371,EXAMPLE_TEXT,"workspace.intents[intent=""Obrigado""].examples[0].text","""Eu te agradeço"""
72436b8d-144e-49ab-b946-23027e20d60b,EXAMPLE_TEXT,"workspace.intents[intent=""Obrigado""].examples[1].text","""gratidão por seu trabalho"""
cfb61b8a-b0b0-4a7f-aea7-158abccc3b0d,EXAMPLE_TEXT,"workspace.intents[intent=""Obrigado""].examples[2].text","""gratidão por tudo"""
07d4143d-35d6-4647-b139-c30e3346a58d,EXAMPLE_TEXT,"workspace.intents[intent=""Obrigado""].examples[3].text","""muitissimo obrigado"""
d694a374-f010-4c08-b15f-922c5387d8e6,EXAMPLE_TEXT,"workspace.intents[intent=""Obrigado""].examples[4].text","""muito demais da sua parte"""
d9adc37f-3dd2-45f0-8baa-10492275eb6b,EXAMPLE_TEXT,"workspace.intents[intent=""Obrigado""].examples[5].text","""muito legal de sua parte"""
472d8388-d2b2-4e24-a147-840d2b359f8a,EXAMPLE_TEXT,"workspace.intents[intent=""Obrigado""].examples[6].text","""muito obrigada"""
74cec4a0-b9b1-4e74-9e4d-8872ad1d93f8,EXAMPLE_TEXT,"workspace.intents[intent=""Obrigado""].examples[7].text","""Muito obrigado"""
e2c09365-be14-4b33-b17b-a7b53adef616,EXAMPLE_TEXT,"workspace.intents[intent=""Obrigado""].examples[8].text","""obrigado por tudo"""
742a6534-cbb0-43dd-aa93-897b66f51f51,EXAMPLE_TEXT,"workspace.intents[intent=""Obrigado""].examples[9].text","""que demais"""
0c731f17-a583-4668-88a3-a7eb0aaaa5ff,EXAMPLE_TEXT,"workspace.intents[intent=""Obrigado""].examples[10].text","""vc foi de grande ajuda"""
3573715a-956f-4448-ac73-1f44fcb14ba0,EXAMPLE_TEXT,"workspace.intents[intent=""Obrigado""].examples[11].text","""você foi de grande ajdua"""
bb9f4dd9-0a20-4e6b-9794-88c4366645b1,EXAMPLE_TEXT,"workspace.intents[intent=""Obrigado""].examples[12].text","""você foi de grande ajuda"""
c4b344ed-15a7-4e4a-892c-0887f2d0ddea,EXAMPLE_TEXT,"workspace.intents[intent=""ofensas""].examples[0].text","""bunda mole"""
a8aaf54f-2efd-4503-8370-994ae5f0a04b,EXAMPLE_TEXT,"workspace.intents[intent=""ofensas""].examples[1].text","""eu to com muita raiva de vc"""
f0d89a30-a2e6-4794-8041-4a18a55ddbe0,EXAMPLE_TEXT,"workspace.intents[intent=""ofensas""].examples[2].text","""filho da puta"""
6794faf4-2590-4377-97bb-b70da232361e,EXAMPLE_TEXT,"workspace.intents[intent=""ofensas""].examples[3].text","""pau no seu cu"""
b1b899be-0120-4a6c-b1a0-03e7b7598481,EXAMPLE_TEXT,"workspace.intents[intent=""ofensas""].examples[4].text","""puta q pariu"""
78d58c54-4c48-4444-9a44-a4a9bf52da90,EXAMPLE_TEXT,"workspace.intents[intent=""ofensas""].examples[5].text","""quero q se foda"""
52e713e6-eb27-4b13-bb74-19b5270d8a03,EXAMPLE_TEXT,"workspace.intents[intent=""ofensas""].examples[6].text","""quero q vc morra"""
b533c056-702f-42d6-8d1c-deedfba3534e,EXAMPLE_TEXT,"workspace.intents[intent=""ofensas""].examples[7].text","""responde seu idiota"""
38219bd1-8182-4651-87e8-4fa73c35edfc,EXAMPLE_TEXT,"workspace.intents[intent=""ofensas""].examples[8].text","""seu gay"""
0e2368a6-4054-46f9-b275-c54a14058114,EXAMPLE_TEXT,"workspace.intents[intent=""ofensas""].examples[9].text","""seu veado"""
9b6ba818-26c8-4e56-9a31-e0939b3ed1ed,EXAMPLE_TEXT,"workspace.intents[intent=""ofensas""].examples[10].text","""seu viado"""
7fd80fea-8fcb-4e53-91bb-82d652dfe1eb,EXAMPLE_TEXT,"workspace.intents[intent=""ofensas""].examples[11].text","""sua bicha"""
7c346ea3-0898-4131-ab4d-163bec029f7e,EXAMPLE_TEXT,"workspace.intents[intent=""ofensas""].examples[12].text","""sua raba é minha"""
f913fd78-898c-418a-b48c-a3241b0ff68c,EXAMPLE_TEXT,"workspace.intents[intent=""ofensas""].examples[13].text","""vai para casa do caralho"""
94e13478-8b7d-4803-baa9-627209052b71,EXAMPLE_TEXT,"workspace.intents[intent=""ofensas""].examples[14].text","""vai se foder"""
b624907a-6429-448a-a312-e3579023cc75,EXAMPLE_TEXT,"workspace.intents[intent=""ofensas""].examples[15].text","""Vai se fuder"""
8cb0a70f-a29d-403a-b146-0d1ccc442848,EXAMPLE_TEXT,"workspace.intents[intent=""ofensas""].examples[16].text","""vai tomar no cu"""
55455bf3-ffc8-4abf-94c1-7f5b542ddf96,EXAMPLE_TEXT,"workspace.intents[intent=""portifólio""].examples[0].text","""Desejo ter acesso ao portfólio do dele."""
21af3d89-24c0-40e4-b6bf-0b13b7e15620,EXAMPLE_TEXT,"workspace.intents[intent=""portifólio""].examples[1].text","""ele pode provar o seu trabalho?"""
f6d2c9ec-451d-4266-9d3e-c77208c4422e,EXAMPLE_TEXT,"workspace.intents[intent=""portifólio""].examples[2].text","""ele tem alguma coisa para mostrar?"""
428b8eb9-f6fd-4cbd-9f5a-acc09868ddcb,EXAMPLE_TEXT,"workspace.intents[intent=""portifólio""].examples[3].text","""Estou buscando informações sobre o portfólio do Maycon."""
5c0d2631-24eb-4558-a1eb-37b043859a99,EXAMPLE_TEXT,"workspace.intents[intent=""portifólio""].examples[4].text","""Estou interessado em saber mais sobre o portfólio do Maycon."""
7dc2ae9e-530d-474f-bf31-5944f9bda39f,EXAMPLE_TEXT,"workspace.intents[intent=""portifólio""].examples[5].text","""Eu quero saber do portifólio do maycon"""
b5d26b03-cd6e-422b-9d92-e86de189c381,EXAMPLE_TEXT,"workspace.intents[intent=""portifólio""].examples[6].text","""github"""
e83c1b82-bb55-4d4e-8426-3ac657f2fd8b,EXAMPLE_TEXT,"workspace.intents[intent=""portifólio""].examples[7].text","""Gostaria de conhecer o portfólio do Maycon."""
cf603017-444f-4212-85bd-e0f3996e94c7,EXAMPLE_TEXT,"workspace.intents[intent=""portifólio""].examples[8].text","""maycon tem github?"""
5c7aa56a-cabc-4ea8-96e7-a1278de49af0,EXAMPLE_TEXT,"workspace.intents[intent=""portifólio""].examples[9].text","""Pretendo descobrir mais sobre o portfólio do Maycon."""
718b91ed-2702-4818-8120-036a91956397,EXAMPLE_TEXT,"workspace.intents[intent=""portifólio""].examples[10].text","""Quero obter detalhes do portfólio do Maycon."""
d332a1ad-8d0d-4874-a1ff-56e0f0501eec,EXAMPLE_TEXT,"workspace.intents[intent=""portifólio""].examples[11].text","""quero ver o github do maycon"""
4d448454-38e2-4d7b-8372-af3a1203587e,EXAMPLE_TEXT,"workspace.intents[intent=""portifólio""].examples[12].text","""Tenho curiosidade em relação ao portfólio do Maycon."""
b5076677-9ca9-46d3-bb6f-f177a145d88d,EXAMPLE_TEXT,"workspace.intents[intent=""saudação""].examples[0].text","""Como vai você?"""
39afe5d1-95fc-484e-9bc0-5a93a1583732,EXAMPLE_TEXT,"workspace.intents[intent=""saudação""].examples[1].text","""cualé"""
88aacc99-1b4f-4472-9091-91308983d98a,EXAMPLE_TEXT,"workspace.intents[intent=""saudação""].examples[2].text","""hello"""
aaeb32e8-c349-4c31-826a-9b5c3dbdb0a6,EXAMPLE_TEXT,"workspace.intents[intent=""saudação""].examples[3].text","""hey"""
b039efc3-ef2f-4566-afef-f5a949000d71,EXAMPLE_TEXT,"workspace.intents[intent=""saudação""].examples[4].text","""hi"""
2a464a1b-9f88-4407-80db-ff2386c8910e,EXAMPLE_TEXT,"workspace.intents[intent=""saudação""].examples[5].text","""oi"""
36a98778-b4fc-4d07-9658-5e2c28b73e1d,EXAMPLE_TEXT,"workspace.intents[intent=""saudação""].examples[6].text","""ola"""
e29bd55f-e163-44f5-8b7b-6b02a1fc98a5,EXAMPLE_TEXT,"workspace.intents[intent=""saudação""].examples[7].text","""olá"""
0434c18c-9116-4303-b41c-6919cf7d5696,EXAMPLE_TEXT,"workspace.intents[intent=""saudação""].examples[8].text","""Opa e ai mano?"""
56c45bc8-acd1-42d9-b5ec-3743bdca20c5,EXAMPLE_TEXT,"workspace.intents[intent=""saudação""].examples[9].text","""qualé"""
8500cea2-9978-4887-bf7c-7c886dec904a,EXAMPLE_TEXT,"workspace.intents[intent=""saudação""].examples[10].text","""Salve salve mestre"""
05817771-7f0e-44f6-a402-66f721769e3a,EXAMPLE_TEXT,"workspace.intents[intent=""saudação""].examples[11].text","""saudação"""
1966a757-c83d-4a95-91d2-cf9f868c74bb,EXAMPLE_TEXT,"workspace.intents[intent=""SIM""].examples[0].text","""afirmativo"""
f530ccff-e2d2-4371-9d7b-5ffac86681d5,EXAMPLE_TEXT,"workspace.intents[intent=""SIM""].examples[1].text","""claro que sim"""
d527c6f6-d25a-4aa8-b082-5eb1b97c7d14,EXAMPLE_TEXT,"workspace.intents[intent=""SIM""].examples[2].text","""definitivamente"""
42311bb0-d4a9-4a8c-9d0e-faf278af5bc8,EXAMPLE_TEXT,"workspace.intents[intent=""SIM""].examples[3].text","""ok"""
0d7e1be9-668a-4b33-8349-7c46e9892766,EXAMPLE_TEXT,"workspace.intents[intent=""SIM""].examples[4].text","""pode ser"""
7738a4a6-6863-4cd5-8100-a4807affd0e3,EXAMPLE_TEXT,"workspace.intents[intent=""SIM""].examples[5].text","""positivo"""
5eeb2134-7ffe-4818-ba1d-f2043f324fc0,EXAMPLE_TEXT,"workspace.intents[intent=""SIM""].examples[6].text","""SIm"""
69d9078c-becd-41c9-a872-96c0cd9d94b6,EXAMPLE_TEXT,"workspace.intents[intent=""SIM""].examples[7].text","""talves"""
a1f8e9f9-4053-4bda-a0e2-5e2c9ff7140d,EXAMPLE_TEXT,"workspace.intents[intent=""SIM""].examples[8].text","""talvez"""
528c5178-638b-43ed-84ad-84bd4e7b5ec0,EXAMPLE_TEXT,"workspace.intents[intent=""SIM""].examples[9].text","""tauvez"""
cbf8d0bf-7cf6-49d1-b120-5659e29b442e,EXAMPLE_TEXT,"workspace.intents[intent=""sobreMaycon""].examples[0].text","""com o que o maycon trabalha"""
c2289f87-4d58-462d-8211-d4020c964e00,EXAMPLE_TEXT,"workspace.intents[intent=""sobreMaycon""].examples[1].text","""o que é o maycon"""
3fc7bbdd-6e89-45ce-aae1-638d47a6ae99,EXAMPLE_TEXT,"workspace.intents[intent=""sobreMaycon""].examples[2].text","""o que o maycon é"""
a6746f30-24f5-4775-ac46-ebc13f8d27d2,EXAMPLE_TEXT,"workspace.intents[intent=""sobreMaycon""].examples[3].text","""o que o maycon faz"""
eff9f5ce-cdb8-454d-b23f-80cf1690bf61,EXAMPLE_TEXT,"workspace.intents[intent=""sobreMaycon""].examples[4].text","""quais os cursos que o maycon tem"""
f394300a-3462-4cd2-ae7f-a1719e2ef2f9,EXAMPLE_TEXT,"workspace.intents[intent=""sobreMaycon""].examples[5].text","""quem é maycon?"""
3442d3e5-da66-4cf5-b82d-d606a2265bc7,EXAMPLE_TEXT,"workspace.intents[intent=""sobreMaycon""].examples[6].text","""quero alguma informacao do maycon"""
04bf90b9-25f3-4137-889d-d81dd3965cb8,EXAMPLE_TEXT,"workspace.intents[intent=""sobreMaycon""].examples[7].text","""quero falar sobre o maycon"""
a7889091-6c8d-4f24-9bf2-b4f72463e106,EXAMPLE_TEXT,"workspace.intents[intent=""sobrevc""].examples[0].text","""Com quem estou falando"""
9bfe880c-ab99-4225-9ad5-87e094a8632c,EXAMPLE_TEXT,"workspace.intents[intent=""sobrevc""].examples[1].text","""me fale sobre você"""
cc34502d-b8b6-43a0-a5f3-db304031a635,EXAMPLE_TEXT,"workspace.intents[intent=""sobrevc""].examples[2].text","""o que é es"""
f48c5fbe-8286-4f3f-a703-f2e6a5b1f026,EXAMPLE_TEXT,"workspace.intents[intent=""sobrevc""].examples[3].text","""o que é você"""
44af2488-ba52-4376-b40a-689ed432cd89,EXAMPLE_TEXT,"workspace.intents[intent=""sobrevc""].examples[4].text","""o que você faz"""
8aad5c72-628b-4e3e-b1a6-5da0f599774b,EXAMPLE_TEXT,"workspace.intents[intent=""sobrevc""].examples[5].text","""o que você pode fazer"""
be5aac3b-f504-4f6b-83c1-9c5a1e7c39a6,EXAMPLE_TEXT,"workspace.intents[intent=""sobrevc""].examples[6].text","""quem es"""
e3a42ad7-534d-42f5-8927-0c002ad7c24e,EXAMPLE_TEXT,"workspace.intents[intent=""sobrevc""].examples[7].text","""quem é você"""
b9be8041-dfcb-41ce-aabb-3f1b0da5ead6,EXAMPLE_TEXT,"workspace.intents[intent=""sobrevc""].examples[8].text","""quem realmente é você"""
6c8d895b-2014-46ba-a6af-62e422d06944,EXAMPLE_TEXT,"workspace.intents[intent=""sobrevc""].examples[9].text","""quem ta ai"""
52d7eab7-7918-4ddd-ad69-e0ac35707bfa,EXAMPLE_TEXT,"workspace.intents[intent=""sobrevc""].examples[10].text","""quem ta falando"""
36f578eb-c352-4588-9ad5-e5bcb30a2ef1,EXAMPLE_TEXT,"workspace.intents[intent=""sobrevc""].examples[11].text","""que tipo de bot é você"""
0a9995f1-da34-4f5b-b036-fc00466db0d4,EXAMPLE_TEXT,"workspace.intents[intent=""sobrevc""].examples[12].text","""que tipo de robo é vc?"""
d0cb8601-841c-4364-b830-9b3a88f964b0,EXAMPLE_TEXT,"workspace.intents[intent=""sobrevc""].examples[13].text","""que tipo de robo é vocÊ"""
cdf20025-1760-4813-985f-ec74269f7353,EXAMPLE_TEXT,"workspace.intents[intent=""sobrevc""].examples[14].text","""to falando com alguma coisa"""
c09eefc0-f108-4e87-bf66-29116d6ec831,EXAMPLE_TEXT,"workspace.intents[intent=""sobrevc""].examples[15].text","""to falando com quem"""
b7a356e3-7053-47cd-a957-62880c0291f4,ENTITY_VALUE,"workspace.entities[entity=""ACCENTURE""].values[type=""synonyms"", value=""ACCENTURE""].value","""ACCENTURE"""
fc10ebac-7443-4e21-a67c-c4a237293821,ENTITY_VALUE_SYNONYM,"workspace.entities[entity=""ACCENTURE""].values[type=""synonyms"", value=""ACCENTURE""].synonyms[0]","""accenture"""
a418d516-f170-421f-b656-41c2b0818c40,ENTITY_VALUE_SYNONYM,"workspace.entities[entity=""ACCENTURE""].values[type=""synonyms"", value=""ACCENTURE""].synonyms[1]","""a centure"""
b3090979-ab8a-45ab-88a7-7cd557074d41,ENTITY_VALUE_SYNONYM,"workspace.entities[entity=""ACCENTURE""].values[type=""synonyms"", value=""ACCENTURE""].synonyms[2]","""acenture"""
bb926cb3-ae90-443c-b7dc-5ccbea52b700,ENTITY_VALUE_SYNONYM,"workspace.entities[entity=""ACCENTURE""].values[type=""synonyms"", value=""ACCENTURE""].synonyms[3]","""Assenture"""
fb676b74-59ad-4383-8367-6b7e5e0b8b98,ENTITY_VALUE,"workspace.entities[entity=""ADEUS""].values[type=""synonyms"", value=""Adeus""].value","""Adeus"""
2c02f108-203c-442e-aa68-22b7bddffb02,ENTITY_VALUE_SYNONYM,"workspace.entities[entity=""ADEUS""].values[type=""synonyms"", value=""Adeus""].synonyms[0]","""Adeus"""
ac38bda6-46a0-4121-bf61-83a35cd04e6f,ENTITY_VALUE_SYNONYM,"workspace.entities[entity=""ADEUS""].values[type=""synonyms"", value=""Adeus""].synonyms[1]","""Amém"""
34b75376-62e2-4467-8adc-9ca5e185a6b3,ENTITY_VALUE_SYNONYM,"workspace.entities[entity=""ADEUS""].values[type=""synonyms"", value=""Adeus""].synonyms[2]","""atalavista"""
5611eb1c-6801-4315-96bb-4c7c39a59992,ENTITY_VALUE_SYNONYM,"workspace.entities[entity=""ADEUS""].values[type=""synonyms"", value=""Adeus""].synonyms[3]","""até"""
2e12ac69-7acb-4be5-8c1d-a11ac58d04cc,ENTITY_VALUE_SYNONYM,"workspace.entities[entity=""ADEUS""].values[type=""synonyms"", value=""Adeus""].synonyms[4]","""até a vista"""
c575779c-905f-4baf-bf6e-537671ab5c75,ENTITY_VALUE_SYNONYM,"workspace.entities[entity=""ADEUS""].values[type=""synonyms"", value=""Adeus""].synonyms[5]","""Até mais"""
a0465a43-d75f-445c-b2d6-e20438b24a76,ENTITY_VALUE_SYNONYM,"workspace.entities[entity=""ADEUS""].values[type=""synonyms"", value=""Adeus""].synonyms[6]","""bye bye"""
9f89a0f7-c81e-4b2b-b13d-31a25e2e220e,ENTITY_VALUE_SYNONYM,"workspace.entities[entity=""ADEUS""].values[type=""synonyms"", value=""Adeus""].synonyms[7]","""chau"""
1d7428e5-4e3d-43d5-b73f-b82a450576b9,ENTITY_VALUE_SYNONYM,"workspace.entities[entity=""ADEUS""].values[type=""synonyms"", value=""Adeus""].synonyms[8]","""Deus te proteja"""
39219135-26f2-459d-94ce-01769e4a13c1,ENTITY_VALUE_SYNONYM,"workspace.entities[entity=""ADEUS""].values[type=""synonyms"", value=""Adeus""].synonyms[9]","""Fique com Deus"""
c038e762-a644-4e9f-8187-19fb58d053ea,ENTITY_VALUE_SYNONYM,"workspace.entities[entity=""ADEUS""].values[type=""synonyms"", value=""Adeus""].synonyms[10]","""goodbye"""
bca5408d-f643-4c86-b53f-64d5d7c98c02,ENTITY_VALUE_SYNONYM,"workspace.entities[entity=""ADEUS""].values[type=""synonyms"", value=""Adeus""].synonyms[11]","""tcau"""
1d4aa29d-5230-4d0a-88a8-4eb3df5714c3,ENTITY_VALUE_SYNONYM,"workspace.entities[entity=""ADEUS""].values[type=""synonyms"", value=""Adeus""].synonyms[12]","""Tchau"""
57e38dfa-32a7-4d67-915d-646497ce5234,ENTITY_VALUE_SYNONYM,"workspace.entities[entity=""ADEUS""].values[type=""synonyms"", value=""Adeus""].synonyms[13]","""vai com Deus"""
1e2c1565-1727-4896-9ff9-1f64bbf9e3a0,ENTITY_VALUE_SYNONYM,"workspace.entities[entity=""ADEUS""].values[type=""synonyms"", value=""Adeus""].synonyms[14]","""vai embora"""
4bd5b8fa-f3e8-41c5-b7f4-da093aa811c4,ENTITY_VALUE_SYNONYM,"workspace.entities[entity=""ADEUS""].values[type=""synonyms"", value=""Adeus""].synonyms[15]","""xau"""
7c5c6d9c-af79-489b-99e3-f801355dd876,ENTITY_VALUE,"workspace.entities[entity=""ajuda""].values[type=""synonyms"", value=""ajuda""].value","""ajuda"""
73c96935-4881-4398-b031-123be4a2e0d1,ENTITY_VALUE_SYNONYM,"workspace.entities[entity=""ajuda""].values[type=""synonyms"", value=""ajuda""].synonyms[0]","""aguda"""
dc5a7a68-9567-442a-89bb-93c7b74f0e6b,ENTITY_VALUE_SYNONYM,"workspace.entities[entity=""ajuda""].values[type=""synonyms"", value=""ajuda""].synonyms[1]","""ajuda"""
8c032530-7b0c-4e42-ab50-b17ff3228a11,ENTITY_VALUE_SYNONYM,"workspace.entities[entity=""ajuda""].values[type=""synonyms"", value=""ajuda""].synonyms[2]","""ajude"""
ab3a2dbc-9622-48f7-a528-e26d527785b2,ENTITY_VALUE_SYNONYM,"workspace.entities[entity=""ajuda""].values[type=""synonyms"", value=""ajuda""].synonyms[3]","""botões"""
2de6d2ce-c595-4ca9-827f-7d8b282e8412,ENTITY_VALUE_SYNONYM,"workspace.entities[entity=""ajuda""].values[type=""synonyms"", value=""ajuda""].synonyms[4]","""help"""
65bac262-2f78-4566-8f9b-0514b5b7a653,ENTITY_VALUE_SYNONYM,"workspace.entities[entity=""ajuda""].values[type=""synonyms"", value=""ajuda""].synonyms[5]","""meno"""
cfa64619-2e61-475c-b8af-70386af62822,ENTITY_VALUE_SYNONYM,"workspace.entities[entity=""ajuda""].values[type=""synonyms"", value=""ajuda""].synonyms[6]","""menu"""
abe7bcad-9a4d-44ef-be21-737801266c4b,ENTITY_VALUE_SYNONYM,"workspace.entities[entity=""ajuda""].values[type=""synonyms"", value=""ajuda""].synonyms[7]","""mino"""
e15bcdcb-f3c8-4f46-a7a8-ced8354a23cd,ENTITY_VALUE_SYNONYM,"workspace.entities[entity=""ajuda""].values[type=""synonyms"", value=""ajuda""].synonyms[8]","""minu"""
6d09f95f-b4d3-47b9-830d-f5b00748872e,ENTITY_VALUE_SYNONYM,"workspace.entities[entity=""ajuda""].values[type=""synonyms"", value=""ajuda""].synonyms[9]","""relp"""
98434190-baf6-4d1d-8768-3648dc261ee8,ENTITY_VALUE_SYNONYM,"workspace.entities[entity=""ajuda""].values[type=""synonyms"", value=""ajuda""].synonyms[10]","""reup"""
d6acbf33-45cc-4222-a43d-c6d8e388d691,ENTITY_VALUE_SYNONYM,"workspace.entities[entity=""ajuda""].values[type=""synonyms"", value=""ajuda""].synonyms[11]","""socorro"""
0228341c-1c3c-4e5a-8e90-0fde544fa4b7,ENTITY_VALUE_SYNONYM,"workspace.entities[entity=""ajuda""].values[type=""synonyms"", value=""ajuda""].synonyms[12]","""sumario"""
f9aa35ce-5138-4f93-8ea2-31a550448cc2,ENTITY_VALUE_SYNONYM,"workspace.entities[entity=""ajuda""].values[type=""synonyms"", value=""ajuda""].synonyms[13]","""sumário"""
97e61895-497a-47dd-9aa6-49f19a9996f0,ENTITY_VALUE,"workspace.entities[entity=""Certificações""].values[type=""synonyms"", value=""certificações""].value","""certificações"""
0cf9aed3-2044-421b-af91-3bfce4fb209c,ENTITY_VALUE_SYNONYM,"workspace.entities[entity=""Certificações""].values[type=""synonyms"", value=""certificações""].synonyms[0]","""badges"""
8b87fe77-ee74-4bbf-b95b-3aa293d6935e,ENTITY_VALUE_SYNONYM,"workspace.entities[entity=""Certificações""].values[type=""synonyms"", value=""certificações""].synonyms[1]","""certificações"""
b5b6a55d-bdd9-4387-9079-091bf35f9425,ENTITY_VALUE_SYNONYM,"workspace.entities[entity=""Certificações""].values[type=""synonyms"", value=""certificações""].synonyms[2]","""conquistas"""
0c91d144-4deb-4783-b529-107c1f565ea6,ENTITY_VALUE_SYNONYM,"workspace.entities[entity=""Certificações""].values[type=""synonyms"", value=""certificações""].synonyms[3]","""cursos"""
b2856a90-ce52-432b-9e92-5373bc57ef6f,ENTITY_VALUE_SYNONYM,"workspace.entities[entity=""Certificações""].values[type=""synonyms"", value=""certificações""].synonyms[4]","""diplomas"""
ca931f50-4886-49b1-95a5-e8ef7fb3274a,ENTITY_VALUE_SYNONYM,"workspace.entities[entity=""Certificações""].values[type=""synonyms"", value=""certificações""].synonyms[5]","""formações"""
450f9022-9baa-4386-bd4e-ac508a9bbf22,ENTITY_VALUE_SYNONYM,"workspace.entities[entity=""Certificações""].values[type=""synonyms"", value=""certificações""].synonyms[6]","""graduações"""
d4b4c337-310b-455e-835b-6f868e98a651,ENTITY_VALUE_SYNONYM,"workspace.entities[entity=""Certificações""].values[type=""synonyms"", value=""certificações""].synonyms[7]","""prêmios"""
a6b46cc7-c9ce-4eaa-afe7-4927cca16e11,ENTITY_VALUE_SYNONYM,"workspace.entities[entity=""Certificações""].values[type=""synonyms"", value=""certificações""].synonyms[8]","""títulos"""
5888c794-4043-4ac6-9fd3-bcf8c1a12b49,ENTITY_VALUE,"workspace.entities[entity=""começar""].values[type=""synonyms"", value=""começar""].value","""começar"""
4eddbdeb-93ae-4127-8f4e-0c4b9495f37e,ENTITY_VALUE_SYNONYM,"workspace.entities[entity=""começar""].values[type=""synonyms"", value=""começar""].synonyms[0]","""começar"""
276d8928-adc7-4889-93c7-fc95442e025e,ENTITY_VALUE_SYNONYM,"workspace.entities[entity=""começar""].values[type=""synonyms"", value=""começar""].synonyms[1]","""de novo"""
e9d6f040-05e7-47f0-86f2-dfa8e2c263a6,ENTITY_VALUE_SYNONYM,"workspace.entities[entity=""começar""].values[type=""synonyms"", value=""começar""].synonyms[2]","""recomeçar"""
a70a4b1f-a55b-4007-b8ce-a4150917776f,ENTITY_VALUE,"workspace.entities[entity=""contato""].values[type=""synonyms"", value=""contato""].value","""contato"""
7dcb086a-5671-4008-8b3f-e88db8a5a226,ENTITY_VALUE_SYNONYM,"workspace.entities[entity=""contato""].values[type=""synonyms"", value=""contato""].synonyms[0]","""celular"""
9fa78a96-6788-475e-80d0-a51ccee2d306,ENTITY_VALUE_SYNONYM,"workspace.entities[entity=""contato""].values[type=""synonyms"", value=""contato""].synonyms[1]","""contato"""
63c032cb-38ab-49e2-b62d-81704d0fd750,ENTITY_VALUE_SYNONYM,"workspace.entities[entity=""contato""].values[type=""synonyms"", value=""contato""].synonyms[2]","""e-mail"""
0312138f-ad24-45df-9831-af1547339cb6,ENTITY_VALUE_SYNONYM,"workspace.entities[entity=""contato""].values[type=""synonyms"", value=""contato""].synonyms[3]","""email"""
3877dc7a-2d8a-49c8-b965-8a2af08b08f8,ENTITY_VALUE_SYNONYM,"workspace.entities[entity=""contato""].values[type=""synonyms"", value=""contato""].synonyms[4]","""endereço"""
dfa39424-cb1e-47d1-9227-adfb6439e71d,ENTITY_VALUE_SYNONYM,"workspace.entities[entity=""contato""].values[type=""synonyms"", value=""contato""].synonyms[5]","""endereço eletronico"""
501d0fc3-2884-46eb-9fb3-e9f8c6cc1407,ENTITY_VALUE_SYNONYM,"workspace.entities[entity=""contato""].values[type=""synonyms"", value=""contato""].synonyms[6]","""fone"""
4d132bdf-dd9a-4018-ae59-52bc6e0fff6d,ENTITY_VALUE_SYNONYM,"workspace.entities[entity=""contato""].values[type=""synonyms"", value=""contato""].synonyms[7]","""gmail"""
f7c10ce4-e1b4-44a7-92d7-9daf9effbf97,ENTITY_VALUE_SYNONYM,"workspace.entities[entity=""contato""].values[type=""synonyms"", value=""contato""].synonyms[8]","""mail"""
c46bfa40-d62d-4876-9a20-4594a340408e,ENTITY_VALUE_SYNONYM,"workspace.entities[entity=""contato""].values[type=""synonyms"", value=""contato""].synonyms[9]","""phone"""
a3b97bd2-71e9-4065-b72b-b49352423acd,ENTITY_VALUE_SYNONYM,"workspace.entities[entity=""contato""].values[type=""synonyms"", value=""contato""].synonyms[10]","""telefone"""
8dcbe913-1a0b-40b9-a794-cbaf259e6d8e,ENTITY_VALUE_SYNONYM,"workspace.entities[entity=""contato""].values[type=""synonyms"", value=""contato""].synonyms[11]","""whatsapp"""
b164cbc1-3b73-4a96-a400-119d157b82f8,ENTITY_VALUE_SYNONYM,"workspace.entities[entity=""contato""].values[type=""synonyms"", value=""contato""].synonyms[12]","""zap"""
9624009d-dc2d-4b4c-8fad-1654d1f94bf8,ENTITY_VALUE,"workspace.entities[entity=""Curriculo""].values[type=""synonyms"", value=""curriculo""].value","""curriculo"""
d2243617-ebe9-4d7f-bb95-8cfffa4e90a8,ENTITY_VALUE_SYNONYM,"workspace.entities[entity=""Curriculo""].values[type=""synonyms"", value=""curriculo""].synonyms[0]","""corriculo"""
f783731a-8712-42e3-90a3-002049c04710,ENTITY_VALUE_SYNONYM,"workspace.entities[entity=""Curriculo""].values[type=""synonyms"", value=""curriculo""].synonyms[1]","""curri"""
eca71841-b22c-4c4d-a6c6-e6e7e5a85b6f,ENTITY_VALUE_SYNONYM,"workspace.entities[entity=""Curriculo""].values[type=""synonyms"", value=""curriculo""].synonyms[2]","""curricolo"""
abf8bb5d-c370-46eb-a87a-0fedb0d5668f,ENTITY_VALUE_SYNONYM,"workspace.entities[entity=""Curriculo""].values[type=""synonyms"", value=""curriculo""].synonyms[3]","""curricu-lo"""
705aa3fe-0804-4233-9b1a-0dc46618daee,ENTITY_VALUE_SYNONYM,"workspace.entities[entity=""Curriculo""].values[type=""synonyms"", value=""curriculo""].synonyms[4]","""curriculo"""
4c7dc581-20be-4047-93f3-512506ac33a2,ENTITY_VALUE_SYNONYM,"workspace.entities[entity=""Curriculo""].values[type=""synonyms"", value=""curriculo""].synonyms[5]","""curriculum"""
6f335c9f-889a-4a8b-801c-bd8db753bd1f,ENTITY_VALUE_SYNONYM,"workspace.entities[entity=""Curriculo""].values[type=""synonyms"", value=""curriculo""].synonyms[6]","""Curriculum vitae """
63980d3b-579b-4b7f-a9f6-ce782c99df86,ENTITY_VALUE_SYNONYM,"workspace.entities[entity=""Curriculo""].values[type=""synonyms"", value=""curriculo""].synonyms[7]","""Documento de experiência """
8207abb9-ddfd-4690-b953-84964ab01d13,ENTITY_VALUE_SYNONYM,"workspace.entities[entity=""Curriculo""].values[type=""synonyms"", value=""curriculo""].synonyms[8]","""Histórico profissional """
3759fd3b-5fc4-4a6b-ab7d-32100562c6f9,ENTITY_VALUE_SYNONYM,"workspace.entities[entity=""Curriculo""].values[type=""synonyms"", value=""curriculo""].synonyms[9]","""likedim"""
fd41622c-1c08-43d4-846b-04ba6b6feeef,ENTITY_VALUE_SYNONYM,"workspace.entities[entity=""Curriculo""].values[type=""synonyms"", value=""curriculo""].synonyms[10]","""likedin"""
66941a06-f721-44d6-8037-d87c9c010f53,ENTITY_VALUE_SYNONYM,"workspace.entities[entity=""Curriculo""].values[type=""synonyms"", value=""curriculo""].synonyms[11]","""limkedim"""
1424cd31-7b82-4ce7-9830-2ef534fa1fac,ENTITY_VALUE_SYNONYM,"workspace.entities[entity=""Curriculo""].values[type=""synonyms"", value=""curriculo""].synonyms[12]","""linkedin"""
4b89768d-e215-47e4-8be7-a8a2153c3424,ENTITY_VALUE_SYNONYM,"workspace.entities[entity=""Curriculo""].values[type=""synonyms"", value=""curriculo""].synonyms[13]","""linkendin"""
a0926384-80b7-475b-8a0b-bf57ef6bc2c8,ENTITY_VALUE_SYNONYM,"workspace.entities[entity=""Curriculo""].values[type=""synonyms"", value=""curriculo""].synonyms[14]","""Perfil de carreira """
6779cab7-bd3c-4a20-8058-a9059cd102a5,ENTITY_VALUE_SYNONYM,"workspace.entities[entity=""Curriculo""].values[type=""synonyms"", value=""curriculo""].synonyms[15]","""Portfólio de trabalho """
587f613a-a196-4352-977a-02ec7be6fb89,ENTITY_VALUE_SYNONYM,"workspace.entities[entity=""Curriculo""].values[type=""synonyms"", value=""curriculo""].synonyms[16]","""profile"""
a3eb8339-ef9a-4aa1-9ee8-061f5c6067cb,ENTITY_VALUE_SYNONYM,"workspace.entities[entity=""Curriculo""].values[type=""synonyms"", value=""curriculo""].synonyms[17]","""rede social"""
c771a6eb-b2d5-4267-87f4-b22727c648d6,ENTITY_VALUE_SYNONYM,"workspace.entities[entity=""Curriculo""].values[type=""synonyms"", value=""curriculo""].synonyms[18]","""Registro profissional """
4e2b2332-13dc-4964-b609-b96d5c1c3eb2,ENTITY_VALUE_SYNONYM,"workspace.entities[entity=""Curriculo""].values[type=""synonyms"", value=""curriculo""].synonyms[19]","""Resumo profissional """
607baef0-c72f-476d-acd8-c986a5974bc5,ENTITY_VALUE_SYNONYM,"workspace.entities[entity=""Curriculo""].values[type=""synonyms"", value=""curriculo""].synonyms[20]","""vitae"""
d3be54c3-d0e2-42c5-b7a1-a48badd4fa95,ENTITY_VALUE,"workspace.entities[entity=""dica""].values[type=""synonyms"", value=""dicas""].value","""dicas"""
4e6c7aff-9acd-45b7-9131-5ebfdf25c3e8,ENTITY_VALUE_SYNONYM,"workspace.entities[entity=""dica""].values[type=""synonyms"", value=""dicas""].synonyms[0]","""conselho"""
8d413154-7ae3-4e8c-9909-79a74b48fc78,ENTITY_VALUE_SYNONYM,"workspace.entities[entity=""dica""].values[type=""synonyms"", value=""dicas""].synonyms[1]","""dica"""
e2f89c35-2d8e-4252-9d9b-7b05b7a70f98,ENTITY_VALUE_SYNONYM,"workspace.entities[entity=""dica""].values[type=""synonyms"", value=""dicas""].synonyms[2]","""dicas"""
1f0e09b0-b08e-4931-9bde-fa528eea852a,ENTITY_VALUE_SYNONYM,"workspace.entities[entity=""dica""].values[type=""synonyms"", value=""dicas""].synonyms[3]","""tip"""
fbc0e3f1-0046-415e-b3fe-505f62549536,ENTITY_VALUE_SYNONYM,"workspace.entities[entity=""dica""].values[type=""synonyms"", value=""dicas""].synonyms[4]","""tips"""
0641ae94-124f-492e-8884-68a9a78fbec0,ENTITY_VALUE,"workspace.entities[entity=""emojis""].values[type=""patterns"", value=""emojis""].value","""emojis"""
96b49ade-0233-48c3-84a4-82280439b64c,ENTITY_VALUE_PATTERN,"workspace.entities[entity=""emojis""].values[type=""patterns""].pattern",""":\w+:"""
35bbcd63-7bbc-4d8a-b983-6fc3420a926e,ENTITY_VALUE,"workspace.entities[entity=""Experiência""].values[type=""synonyms"", value=""experiência""].value","""experiência"""
09a4a810-673a-4b77-9bb5-e01aec7984d1,ENTITY_VALUE_SYNONYM,"workspace.entities[entity=""Experiência""].values[type=""synonyms"", value=""experiência""].synonyms[0]","""companhias"""
2f384972-2c9d-424a-b9fb-2374d8f3db46,ENTITY_VALUE_SYNONYM,"workspace.entities[entity=""Experiência""].values[type=""synonyms"", value=""experiência""].synonyms[1]","""empregado"""
39c2a4ca-8eb0-4055-95c3-bcf65ee3ecef,ENTITY_VALUE_SYNONYM,"workspace.entities[entity=""Experiência""].values[type=""synonyms"", value=""experiência""].synonyms[2]","""empregador"""
c5c95cf9-ee48-421c-bcee-a53f5fa41cce,ENTITY_VALUE_SYNONYM,"workspace.entities[entity=""Experiência""].values[type=""synonyms"", value=""experiência""].synonyms[3]","""emprego"""
faf38e86-2d5c-4c40-a743-2d25d5bc817f,ENTITY_VALUE_SYNONYM,"workspace.entities[entity=""Experiência""].values[type=""synonyms"", value=""experiência""].synonyms[4]","""empresas"""
c778a75e-a84c-4e32-9d46-b0a3c6fb54cc,ENTITY_VALUE_SYNONYM,"workspace.entities[entity=""Experiência""].values[type=""synonyms"", value=""experiência""].synonyms[5]","""Experiência"""
0d868da4-e75b-42b3-ad80-d3d62d424fc5,ENTITY_VALUE_SYNONYM,"workspace.entities[entity=""Experiência""].values[type=""synonyms"", value=""experiência""].synonyms[6]","""experiências"""
712da461-3ca7-4046-afa0-01966e82978e,ENTITY_VALUE_SYNONYM,"workspace.entities[entity=""Experiência""].values[type=""synonyms"", value=""experiência""].synonyms[7]","""job"""
0ef3d7d5-bacf-43fc-969b-ab7cf6da3274,ENTITY_VALUE_SYNONYM,"workspace.entities[entity=""Experiência""].values[type=""synonyms"", value=""experiência""].synonyms[8]","""onde ele trabalha"""
46df804f-d66b-4fa1-a963-3d35369b2026,ENTITY_VALUE_SYNONYM,"workspace.entities[entity=""Experiência""].values[type=""synonyms"", value=""experiência""].synonyms[9]","""quero ver suas experiencias"""
79a0e523-cc52-46cd-a777-a06ba3aab989,ENTITY_VALUE_SYNONYM,"workspace.entities[entity=""Experiência""].values[type=""synonyms"", value=""experiência""].synonyms[10]","""registro em carteira"""
a85fb89a-9b90-4261-8d51-d1c1b9bdee6b,ENTITY_VALUE_SYNONYM,"workspace.entities[entity=""Experiência""].values[type=""synonyms"", value=""experiência""].synonyms[11]","""seu trabalho"""
df2de4a5-5700-4795-81ce-3c7088bd97f9,ENTITY_VALUE_SYNONYM,"workspace.entities[entity=""Experiência""].values[type=""synonyms"", value=""experiência""].synonyms[12]","""skills"""
9d11c079-b94f-4f94-9014-ceb03debbd0d,ENTITY_VALUE_SYNONYM,"workspace.entities[entity=""Experiência""].values[type=""synonyms"", value=""experiência""].synonyms[13]","""sua empresa"""
f6bf9511-de80-4979-a981-877ec6231f34,ENTITY_VALUE_SYNONYM,"workspace.entities[entity=""Experiência""].values[type=""synonyms"", value=""experiência""].synonyms[14]","""trabalho"""
3f025f00-6fee-4a12-9c99-54cc30ef7f41,ENTITY_VALUE,"workspace.entities[entity=""habilidades""].values[type=""synonyms"", value=""habilidades""].value","""habilidades"""
a4e86b23-c22f-4a6f-85c7-8a90552115d6,ENTITY_VALUE_SYNONYM,"workspace.entities[entity=""habilidades""].values[type=""synonyms"", value=""habilidades""].synonyms[0]","""abilidades"""
54a23815-0992-434c-936d-2bbb3ed323b5,ENTITY_VALUE_SYNONYM,"workspace.entities[entity=""habilidades""].values[type=""synonyms"", value=""habilidades""].synonyms[1]","""abilitys"""
99159b19-0e3a-4370-b906-3de9a114d75a,ENTITY_VALUE_SYNONYM,"workspace.entities[entity=""habilidades""].values[type=""synonyms"", value=""habilidades""].synonyms[2]","""bash"""
1b27006c-9bd2-4116-8a45-75c9c99da6da,ENTITY_VALUE_SYNONYM,"workspace.entities[entity=""habilidades""].values[type=""synonyms"", value=""habilidades""].synonyms[3]","""deploy"""
d1a6acb2-67ad-46b8-982e-3d7446d52f35,ENTITY_VALUE_SYNONYM,"workspace.entities[entity=""habilidades""].values[type=""synonyms"", value=""habilidades""].synonyms[4]","""ferramentas"""
7559441b-829a-4be7-a854-aec109e4979c,ENTITY_VALUE_SYNONYM,"workspace.entities[entity=""habilidades""].values[type=""synonyms"", value=""habilidades""].synonyms[5]","""habilidades"""
48ff083c-e8be-49a8-bb58-5b640f26563f,ENTITY_VALUE_SYNONYM,"workspace.entities[entity=""habilidades""].values[type=""synonyms"", value=""habilidades""].synonyms[6]","""hard skill"""
f32e4a2f-3040-436b-a01e-9ed5a20ecd3e,ENTITY_VALUE_SYNONYM,"workspace.entities[entity=""habilidades""].values[type=""synonyms"", value=""habilidades""].synonyms[7]","""java"""
3282cf4b-773f-4989-b629-a0626c1ef98a,ENTITY_VALUE_SYNONYM,"workspace.entities[entity=""habilidades""].values[type=""synonyms"", value=""habilidades""].synonyms[8]","""know how"""
2a32b326-f881-4f91-981b-1e858606573f,ENTITY_VALUE_SYNONYM,"workspace.entities[entity=""habilidades""].values[type=""synonyms"", value=""habilidades""].synonyms[9]","""linguagens"""
2fac60c8-883c-4926-b08b-c6b0afdaf765,ENTITY_VALUE_SYNONYM,"workspace.entities[entity=""habilidades""].values[type=""synonyms"", value=""habilidades""].synonyms[10]","""linux"""
bd76dd4f-e12b-45a6-adb7-4b266d70bc5b,ENTITY_VALUE_SYNONYM,"workspace.entities[entity=""habilidades""].values[type=""synonyms"", value=""habilidades""].synonyms[11]","""programação"""
efacb2af-1856-41ab-82a7-23916c060079,ENTITY_VALUE_SYNONYM,"workspace.entities[entity=""habilidades""].values[type=""synonyms"", value=""habilidades""].synonyms[12]","""python"""
d3c36656-e431-4ef3-8c20-351a60e6dfb3,ENTITY_VALUE_SYNONYM,"workspace.entities[entity=""habilidades""].values[type=""synonyms"", value=""habilidades""].synonyms[13]","""quais linguagens de programação ele usa"""
60961828-016b-4d83-af35-42f2b7702b1c,ENTITY_VALUE_SYNONYM,"workspace.entities[entity=""habilidades""].values[type=""synonyms"", value=""habilidades""].synonyms[14]","""scrum"""
6a953efb-7e5c-44ef-97af-190ecdf66758,ENTITY_VALUE_SYNONYM,"workspace.entities[entity=""habilidades""].values[type=""synonyms"", value=""habilidades""].synonyms[15]","""skill"""
fc89f892-a423-462f-95f6-8229bcb3a711,ENTITY_VALUE_SYNONYM,"workspace.entities[entity=""habilidades""].values[type=""synonyms"", value=""habilidades""].synonyms[16]","""skills"""
2e0d05ce-1fc1-4665-8664-af53abbc2f76,ENTITY_VALUE_SYNONYM,"workspace.entities[entity=""habilidades""].values[type=""synonyms"", value=""habilidades""].synonyms[17]","""soft skill"""
65366d84-da49-48b1-8cbf-6cef76023e0e,ENTITY_VALUE_SYNONYM,"workspace.entities[entity=""habilidades""].values[type=""synonyms"", value=""habilidades""].synonyms[18]","""tools"""
d4d77618-2779-4615-bc2d-f61004e1119a,ENTITY_VALUE,"workspace.entities[entity=""IBM""].values[type=""synonyms"", value=""IBM""].value","""IBM"""
15b715f2-6f21-4617-85cc-77c80c0edb87,ENTITY_VALUE_SYNONYM,"workspace.entities[entity=""IBM""].values[type=""synonyms"", value=""IBM""].synonyms[0]","""I.B.M"""
63bc7158-848b-43de-ace9-b8391b5ff30d,ENTITY_VALUE_SYNONYM,"workspace.entities[entity=""IBM""].values[type=""synonyms"", value=""IBM""].synonyms[1]","""IBM"""
384e71fb-db13-4d73-97ea-2685781a7740,ENTITY_VALUE_SYNONYM,"workspace.entities[entity=""IBM""].values[type=""synonyms"", value=""IBM""].synonyms[2]","""Mais atual"""
650bcbd8-fe1d-4057-be51-3057a7b44693,ENTITY_VALUE_SYNONYM,"workspace.entities[entity=""IBM""].values[type=""synonyms"", value=""IBM""].synonyms[3]","""recente"""
c9dfc48b-f7d0-4646-9694-8a9c99168553,ENTITY_VALUE,"workspace.entities[entity=""maycon""].values[type=""synonyms"", value=""Batestin""].value","""Batestin"""
d806a8ee-34e6-499f-a7c9-052f9fd02ffd,ENTITY_VALUE,"workspace.entities[entity=""maycon""].values[type=""synonyms"", value=""Cypriano""].value","""Cypriano"""
4dc50635-5bad-4162-94ba-9782d7ef1444,ENTITY_VALUE,"workspace.entities[entity=""maycon""].values[type=""synonyms"", value=""Maycon""].value","""Maycon"""
cd415456-fd7f-405c-b20e-3a051d8baa69,ENTITY_VALUE,"workspace.entities[entity=""maycon""].values[type=""synonyms"", value=""nome""].value","""nome"""
c37233c8-4f04-44e4-bc80-e070c520c7ab,ENTITY_VALUE_SYNONYM,"workspace.entities[entity=""maycon""].values[type=""synonyms"", value=""nome""].synonyms[0]","""batestin"""
8d84ba15-dd0e-4305-a72e-00be5e9fbef1,ENTITY_VALUE_SYNONYM,"workspace.entities[entity=""maycon""].values[type=""synonyms"", value=""nome""].synonyms[1]","""cypriano"""
6d9346b0-fbda-4a38-b89b-7395ad4e8a0e,ENTITY_VALUE_SYNONYM,"workspace.entities[entity=""maycon""].values[type=""synonyms"", value=""nome""].synonyms[2]","""maycon"""
9a4cc2f9-781e-4f23-9b56-10445ce5d88c,ENTITY_VALUE_SYNONYM,"workspace.entities[entity=""maycon""].values[type=""synonyms"", value=""nome""].synonyms[3]","""Maycon Cypriano Batestin"""
b6f6b7d0-7f38-4a20-b409-9fde24532258,ENTITY_VALUE_SYNONYM,"workspace.entities[entity=""maycon""].values[type=""synonyms"", value=""nome""].synonyms[4]","""sobre o batestin"""
657d96bd-95d5-49ee-af5b-d9a3f822d529,ENTITY_VALUE_SYNONYM,"workspace.entities[entity=""maycon""].values[type=""synonyms"", value=""nome""].synonyms[5]","""sobre o maycon"""
ee01998e-9639-49b5-9dec-54a9e99959d0,ENTITY_VALUE,"workspace.entities[entity=""NAO""].values[type=""synonyms"", value=""nao""].value","""nao"""
97c46b66-968c-43d1-ab77-0e8d3602b0a5,ENTITY_VALUE_SYNONYM,"workspace.entities[entity=""NAO""].values[type=""synonyms"", value=""nao""].synonyms[0]","""chega"""
389c810d-d68a-420a-ba89-404f0bc88858,ENTITY_VALUE_SYNONYM,"workspace.entities[entity=""NAO""].values[type=""synonyms"", value=""nao""].synonyms[1]","""claro que não"""
5be3cbc3-b0c2-42d4-b2e3-f6dcf3a61255,ENTITY_VALUE_SYNONYM,"workspace.entities[entity=""NAO""].values[type=""synonyms"", value=""nao""].synonyms[2]","""de jeito nenhum"""
00ad4994-fcd6-416c-8c7f-148840675f82,ENTITY_VALUE_SYNONYM,"workspace.entities[entity=""NAO""].values[type=""synonyms"", value=""nao""].synonyms[3]","""nao"""
2c1e9641-f4da-441f-a7d3-faca3d3ae2a5,ENTITY_VALUE_SYNONYM,"workspace.entities[entity=""NAO""].values[type=""synonyms"", value=""nao""].synonyms[4]","""não quero mais"""
777413c0-6108-497a-b9c0-09c384dbff47,ENTITY_VALUE_SYNONYM,"workspace.entities[entity=""NAO""].values[type=""synonyms"", value=""nao""].synonyms[5]","""negativo"""
3a8cd327-46f3-41e0-9851-d294544562af,ENTITY_VALUE_SYNONYM,"workspace.entities[entity=""NAO""].values[type=""synonyms"", value=""nao""].synonyms[6]","""nem pensar"""
1b3dc3b2-b4ce-4553-8071-5df4a3247ff8,ENTITY_VALUE_SYNONYM,"workspace.entities[entity=""NAO""].values[type=""synonyms"", value=""nao""].synonyms[7]","""no"""
fcc490ca-7d8b-431e-a7ed-182b471c42d6,ENTITY_VALUE_SYNONYM,"workspace.entities[entity=""NAO""].values[type=""synonyms"", value=""nao""].synonyms[8]","""sai fora"""
98dc2ea9-156c-4e68-90fe-c82c9852dcef,ENTITY_VALUE_SYNONYM,"workspace.entities[entity=""NAO""].values[type=""synonyms"", value=""nao""].synonyms[9]","""vai embora"""
1cad3586-f29b-4431-9c28-86dbb0275ebc,ENTITY_VALUE,"workspace.entities[entity=""NTTDATA""].values[type=""synonyms"", value=""NTTDATA""].value","""NTTDATA"""
64bf6841-ade6-4535-99e2-9d3dbbad5d7e,ENTITY_VALUE_SYNONYM,"workspace.entities[entity=""NTTDATA""].values[type=""synonyms"", value=""NTTDATA""].synonyms[0]","""data"""
761e6b76-0105-43dd-b46f-d2e6cf6176cb,ENTITY_VALUE_SYNONYM,"workspace.entities[entity=""NTTDATA""].values[type=""synonyms"", value=""NTTDATA""].synonyms[1]","""everis"""
d48ec8db-dbc6-4580-b635-0990e68e81cb,ENTITY_VALUE_SYNONYM,"workspace.entities[entity=""NTTDATA""].values[type=""synonyms"", value=""NTTDATA""].synonyms[2]","""NTDATA"""
a811869c-4a50-4024-9bc0-56b8acceca3f,ENTITY_VALUE_SYNONYM,"workspace.entities[entity=""NTTDATA""].values[type=""synonyms"", value=""NTTDATA""].synonyms[3]","""NTT DATA"""
771929f0-1d6b-4672-b056-db290154e15b,ENTITY_VALUE_SYNONYM,"workspace.entities[entity=""NTTDATA""].values[type=""synonyms"", value=""NTTDATA""].synonyms[4]","""nttdata"""
c8117301-fb10-46e4-897d-4a4b639fb77e,ENTITY_VALUE_SYNONYM,"workspace.entities[entity=""NTTDATA""].values[type=""synonyms"", value=""NTTDATA""].synonyms[5]","""primeiro emprego"""
7ec9cffa-bb51-48ad-a7ff-b61407169752,ENTITY_VALUE_SYNONYM,"workspace.entities[entity=""NTTDATA""].values[type=""synonyms"", value=""NTTDATA""].synonyms[6]","""primeiro trabalkho"""
0f10c510-6807-40a9-a536-c007f3ac729b,ENTITY_VALUE,"workspace.entities[entity=""Obrigado""].values[type=""synonyms"", value=""Obrigado""].value","""Obrigado"""
56ddd7e7-3510-4ca5-949c-33ee714b9a05,ENTITY_VALUE_SYNONYM,"workspace.entities[entity=""Obrigado""].values[type=""synonyms"", value=""Obrigado""].synonyms[0]","""Agradecido"""
2d6bb548-b789-4c4d-88cb-0fde63c9c6de,ENTITY_VALUE_SYNONYM,"workspace.entities[entity=""Obrigado""].values[type=""synonyms"", value=""Obrigado""].synonyms[1]",""" Agradecimento """
03d0cd5e-6add-44a5-b7b2-efae038cb18e,ENTITY_VALUE_SYNONYM,"workspace.entities[entity=""Obrigado""].values[type=""synonyms"", value=""Obrigado""].synonyms[2]","""Agradeço imensamente """
280236d6-5093-4a82-80ef-2feb403c5ecd,ENTITY_VALUE_SYNONYM,"workspace.entities[entity=""Obrigado""].values[type=""synonyms"", value=""Obrigado""].synonyms[3]","""Aprecio """
a9e16b09-8a3c-4488-94ec-5287fe3f664b,ENTITY_VALUE_SYNONYM,"workspace.entities[entity=""Obrigado""].values[type=""synonyms"", value=""Obrigado""].synonyms[4]",""" Estou em dívida """
46f664fb-f63d-4ed6-a1e7-70bcb5583553,ENTITY_VALUE_SYNONYM,"workspace.entities[entity=""Obrigado""].values[type=""synonyms"", value=""Obrigado""].synonyms[5]","""Fico-lhe grato """
2121a238-44b4-4b90-9bb6-73f6f714d9b0,ENTITY_VALUE_SYNONYM,"workspace.entities[entity=""Obrigado""].values[type=""synonyms"", value=""Obrigado""].synonyms[6]","""grata"""
484b72a0-42e8-42e2-af0e-f6ff565418d1,ENTITY_VALUE_SYNONYM,"workspace.entities[entity=""Obrigado""].values[type=""synonyms"", value=""Obrigado""].synonyms[7]","""Gratidão """
82d87275-578f-41b7-97b9-45ee331a0606,ENTITY_VALUE_SYNONYM,"workspace.entities[entity=""Obrigado""].values[type=""synonyms"", value=""Obrigado""].synonyms[8]",""" Grato """
2546d892-c833-4e17-bd07-d7abeb61fcab,ENTITY_VALUE_SYNONYM,"workspace.entities[entity=""Obrigado""].values[type=""synonyms"", value=""Obrigado""].synonyms[9]","""Mil obrigados"""
a86a722d-7afe-474b-856e-c8456f408efe,ENTITY_VALUE_SYNONYM,"workspace.entities[entity=""Obrigado""].values[type=""synonyms"", value=""Obrigado""].synonyms[10]","""Muito obrigado """
58510658-f254-472c-883b-d21bba25d9cc,ENTITY_VALUE_SYNONYM,"workspace.entities[entity=""Obrigado""].values[type=""synonyms"", value=""Obrigado""].synonyms[11]","""Obrigada"""
f8a5978d-fee5-48bb-a9d8-6c8236147988,ENTITY_VALUE_SYNONYM,"workspace.entities[entity=""Obrigado""].values[type=""synonyms"", value=""Obrigado""].synonyms[12]","""Obrigadaço """
750f95bd-78b7-4d8f-8313-3ca03e7a2399,ENTITY_VALUE_SYNONYM,"workspace.entities[entity=""Obrigado""].values[type=""synonyms"", value=""Obrigado""].synonyms[13]","""Obrigadíssimo """
30deaeb3-0389-402b-8a99-2e9a08f110ec,ENTITY_VALUE_SYNONYM,"workspace.entities[entity=""Obrigado""].values[type=""synonyms"", value=""Obrigado""].synonyms[14]","""Reconhecido"""
353426f4-a53c-4688-8f83-0934d7b4a38a,ENTITY_VALUE_SYNONYM,"workspace.entities[entity=""Obrigado""].values[type=""synonyms"", value=""Obrigado""].synonyms[15]","""Te agradeço """
3f03ef29-c23f-49ab-ae4f-75d18d83ba91,ENTITY_VALUE_SYNONYM,"workspace.entities[entity=""Obrigado""].values[type=""synonyms"", value=""Obrigado""].synonyms[16]","""Valorizo """
5ef320f6-ade2-4c6e-8d61-7c03a242b381,ENTITY_VALUE,"workspace.entities[entity=""ofensas""].values[type=""synonyms"", value=""ofensas""].value","""ofensas"""
11ac8178-94f6-47a9-a378-690f4ec71edc,ENTITY_VALUE_SYNONYM,"workspace.entities[entity=""ofensas""].values[type=""synonyms"", value=""ofensas""].synonyms[0]","""anus"""
94f69066-9e69-4000-9d22-fbcad94b2da7,ENTITY_VALUE_SYNONYM,"workspace.entities[entity=""ofensas""].values[type=""synonyms"", value=""ofensas""].synonyms[1]","""boceta"""
d5065c23-ce2e-468f-bf00-935f306efce4,ENTITY_VALUE_SYNONYM,"workspace.entities[entity=""ofensas""].values[type=""synonyms"", value=""ofensas""].synonyms[2]","""buceta"""
c49b6fde-cb57-4b3b-b8d3-c3e54f90ac4a,ENTITY_VALUE_SYNONYM,"workspace.entities[entity=""ofensas""].values[type=""synonyms"", value=""ofensas""].synonyms[3]","""bunda"""
55e974d0-19fa-48bf-9415-6108863b07ce,ENTITY_VALUE_SYNONYM,"workspace.entities[entity=""ofensas""].values[type=""synonyms"", value=""ofensas""].synonyms[4]","""cacete"""
c785a212-7132-491d-8b00-90995feb7d44,ENTITY_VALUE_SYNONYM,"workspace.entities[entity=""ofensas""].values[type=""synonyms"", value=""ofensas""].synonyms[5]","""casa do cacete"""
5692a29d-4176-4567-b786-02d2afb5b647,ENTITY_VALUE_SYNONYM,"workspace.entities[entity=""ofensas""].values[type=""synonyms"", value=""ofensas""].synonyms[6]","""cu"""
e1682f1b-684a-4dfe-aee3-5c922fbcf082,ENTITY_VALUE_SYNONYM,"workspace.entities[entity=""ofensas""].values[type=""synonyms"", value=""ofensas""].synonyms[7]","""desgraça"""
ecf440d3-f045-4ffb-8c3c-9ba098b56824,ENTITY_VALUE_SYNONYM,"workspace.entities[entity=""ofensas""].values[type=""synonyms"", value=""ofensas""].synonyms[8]","""disgraça"""
f82102fc-e4a3-4f8a-8888-f841480fd980,ENTITY_VALUE_SYNONYM,"workspace.entities[entity=""ofensas""].values[type=""synonyms"", value=""ofensas""].synonyms[9]","""engula minha rola"""
5378ee66-6685-494f-8241-980e7a16efd5,ENTITY_VALUE_SYNONYM,"workspace.entities[entity=""ofensas""].values[type=""synonyms"", value=""ofensas""].synonyms[10]","""esperma"""
15596dba-4fb1-4ac4-9c40-e79a1db90d10,ENTITY_VALUE_SYNONYM,"workspace.entities[entity=""ofensas""].values[type=""synonyms"", value=""ofensas""].synonyms[11]","""excitado"""
bdcd5080-e243-420e-bc10-62c91baa911c,ENTITY_VALUE_SYNONYM,"workspace.entities[entity=""ofensas""].values[type=""synonyms"", value=""ofensas""].synonyms[12]","""fdp"""
618e4c52-42a4-4e19-a9e1-1e2a36422079,ENTITY_VALUE_SYNONYM,"workspace.entities[entity=""ofensas""].values[type=""synonyms"", value=""ofensas""].synonyms[13]","""filho da puta"""
818e9445-3891-4434-b941-49f13f9dc608,ENTITY_VALUE_SYNONYM,"workspace.entities[entity=""ofensas""].values[type=""synonyms"", value=""ofensas""].synonyms[14]","""inferno"""
18734efc-f005-4860-bfa7-ced5479ae6ec,ENTITY_VALUE_SYNONYM,"workspace.entities[entity=""ofensas""].values[type=""synonyms"", value=""ofensas""].synonyms[15]","""lambe"""
f892d81f-c904-417e-8795-9d5a1fee0fe0,ENTITY_VALUE_SYNONYM,"workspace.entities[entity=""ofensas""].values[type=""synonyms"", value=""ofensas""].synonyms[16]","""mata"""
a990f682-6581-457b-bdeb-c32508ce75c8,ENTITY_VALUE_SYNONYM,"workspace.entities[entity=""ofensas""].values[type=""synonyms"", value=""ofensas""].synonyms[17]","""morrer"""
99b7855e-7cdc-4169-b122-036b840163e0,ENTITY_VALUE_SYNONYM,"workspace.entities[entity=""ofensas""].values[type=""synonyms"", value=""ofensas""].synonyms[18]","""odio"""
4e76cb05-2bce-4590-9caa-47b9134e3518,ENTITY_VALUE_SYNONYM,"workspace.entities[entity=""ofensas""].values[type=""synonyms"", value=""ofensas""].synonyms[19]","""pau"""
6865bc72-055b-4108-b54f-71795dbd1c39,ENTITY_VALUE_SYNONYM,"workspace.entities[entity=""ofensas""].values[type=""synonyms"", value=""ofensas""].synonyms[20]","""pau na"""
efda861d-5d2c-4547-ab96-c55468fddd7f,ENTITY_VALUE_SYNONYM,"workspace.entities[entity=""ofensas""].values[type=""synonyms"", value=""ofensas""].synonyms[21]","""pau no """
4a139b09-673e-4abc-bfe3-bf96b15955ae,ENTITY_VALUE_SYNONYM,"workspace.entities[entity=""ofensas""].values[type=""synonyms"", value=""ofensas""].synonyms[22]","""pau no cu"""
fb82883b-07be-4233-829e-0ee2948dc70e,ENTITY_VALUE_SYNONYM,"workspace.entities[entity=""ofensas""].values[type=""synonyms"", value=""ofensas""].synonyms[23]","""penis"""
d10b08d9-9966-48bd-b4ab-484acd3f5ab3,ENTITY_VALUE_SYNONYM,"workspace.entities[entity=""ofensas""].values[type=""synonyms"", value=""ofensas""].synonyms[24]","""peru"""
c277ddcf-10c9-4c02-be69-e6d7741a6785,ENTITY_VALUE_SYNONYM,"workspace.entities[entity=""ofensas""].values[type=""synonyms"", value=""ofensas""].synonyms[25]","""peste"""
675fa39c-8d7a-4764-b50a-b2eecf980709,ENTITY_VALUE_SYNONYM,"workspace.entities[entity=""ofensas""].values[type=""synonyms"", value=""ofensas""].synonyms[26]","""piru"""
92205c5c-aadb-47c5-9f56-b6ab8913569b,ENTITY_VALUE_SYNONYM,"workspace.entities[entity=""ofensas""].values[type=""synonyms"", value=""ofensas""].synonyms[27]","""porra"""
04ba6aa9-9988-4b90-9bed-e753615fe28e,ENTITY_VALUE_SYNONYM,"workspace.entities[entity=""ofensas""].values[type=""synonyms"", value=""ofensas""].synonyms[28]","""porra no"""
817ec227-88a9-42c6-a01e-a2daf035d5b9,ENTITY_VALUE_SYNONYM,"workspace.entities[entity=""ofensas""].values[type=""synonyms"", value=""ofensas""].synonyms[29]","""puta q pariu"""
d553264a-d09b-4eb5-8d29-94ede0c16bb7,ENTITY_VALUE_SYNONYM,"workspace.entities[entity=""ofensas""].values[type=""synonyms"", value=""ofensas""].synonyms[30]","""quero te matar"""
af0480c5-7cf0-47ef-8c15-76b971f972cb,ENTITY_VALUE_SYNONYM,"workspace.entities[entity=""ofensas""].values[type=""synonyms"", value=""ofensas""].synonyms[31]","""raiva"""
adfdf355-aae9-4912-969a-70f9721c8704,ENTITY_VALUE_SYNONYM,"workspace.entities[entity=""ofensas""].values[type=""synonyms"", value=""ofensas""].synonyms[32]","""rola"""
d616dce2-05c4-43f1-9cd9-13d962efa95a,ENTITY_VALUE_SYNONYM,"workspace.entities[entity=""ofensas""].values[type=""synonyms"", value=""ofensas""].synonyms[33]","""se mata"""
40d78fc7-4fe3-457a-8ce8-cdfd5612279c,ENTITY_VALUE_SYNONYM,"workspace.entities[entity=""ofensas""].values[type=""synonyms"", value=""ofensas""].synonyms[34]","""semem"""
37e8bf6f-c91e-4f04-92fc-52fe3b591fd2,ENTITY_VALUE_SYNONYM,"workspace.entities[entity=""ofensas""].values[type=""synonyms"", value=""ofensas""].synonyms[35]","""semen"""
cac9357b-873d-4f13-8a3f-e55f2e2805fb,ENTITY_VALUE_SYNONYM,"workspace.entities[entity=""ofensas""].values[type=""synonyms"", value=""ofensas""].synonyms[36]","""seu caralho"""
21ba5b71-bba8-48d3-ae68-2cbc9f89ba02,ENTITY_VALUE_SYNONYM,"workspace.entities[entity=""ofensas""].values[type=""synonyms"", value=""ofensas""].synonyms[37]","""seu veado"""
0828035c-9bde-44c4-90dd-e47614307b7e,ENTITY_VALUE_SYNONYM,"workspace.entities[entity=""ofensas""].values[type=""synonyms"", value=""ofensas""].synonyms[38]","""seu viado"""
662ec590-9985-4ac7-a138-02b5155b3433,ENTITY_VALUE_SYNONYM,"workspace.entities[entity=""ofensas""].values[type=""synonyms"", value=""ofensas""].synonyms[39]","""suicida"""
40437619-80f8-4e74-ab63-c7a95b33d5a4,ENTITY_VALUE_SYNONYM,"workspace.entities[entity=""ofensas""].values[type=""synonyms"", value=""ofensas""].synonyms[40]","""suícidio"""
fd0395c6-00ea-497c-8f78-d3839835a80c,ENTITY_VALUE_SYNONYM,"workspace.entities[entity=""ofensas""].values[type=""synonyms"", value=""ofensas""].synonyms[41]","""tesão"""
927397c0-0b20-4ec8-bfcd-8f815c94fa03,ENTITY_VALUE_SYNONYM,"workspace.entities[entity=""ofensas""].values[type=""synonyms"", value=""ofensas""].synonyms[42]","""vagina"""
8d7266b3-ae6e-4273-80c9-4fc4097b8461,ENTITY_VALUE_SYNONYM,"workspace.entities[entity=""ofensas""].values[type=""synonyms"", value=""ofensas""].synonyms[43]","""vai para puta q pariu"""
f1bce468-19d7-4714-b2b1-a48936f74a5e,ENTITY_VALUE_SYNONYM,"workspace.entities[entity=""ofensas""].values[type=""synonyms"", value=""ofensas""].synonyms[44]","""vai se foder"""
256529e2-ab9c-4696-aedb-e8b19438a571,ENTITY_VALUE_SYNONYM,"workspace.entities[entity=""ofensas""].values[type=""synonyms"", value=""ofensas""].synonyms[45]","""vai tomar no cu"""
a2e29775-26a3-405a-8b93-854847282bd2,ENTITY_VALUE_SYNONYM,"workspace.entities[entity=""ofensas""].values[type=""synonyms"", value=""ofensas""].synonyms[46]","""verme"""
fec93158-77ce-421f-9c0c-a18de974b7b8,ENTITY_VALUE,"workspace.entities[entity=""portifolio""].values[type=""synonyms"", value=""portifolio""].value","""portifolio"""
d9871891-0432-4219-988f-773596eeccd2,ENTITY_VALUE_SYNONYM,"workspace.entities[entity=""portifolio""].values[type=""synonyms"", value=""portifolio""].synonyms[0]","""amostras"""
05804267-7af2-474b-adec-7d9e9085edf6,ENTITY_VALUE_SYNONYM,"workspace.entities[entity=""portifolio""].values[type=""synonyms"", value=""portifolio""].synonyms[1]","""códigos"""
6c4302cd-ab37-4ba1-9a07-6086d3788edb,ENTITY_VALUE_SYNONYM,"workspace.entities[entity=""portifolio""].values[type=""synonyms"", value=""portifolio""].synonyms[2]","""exibir """
06927f1d-4a10-4a31-a3bb-1d8a532adbc2,ENTITY_VALUE_SYNONYM,"workspace.entities[entity=""portifolio""].values[type=""synonyms"", value=""portifolio""].synonyms[3]","""fez"""
29331a93-b3ac-4f2e-9c31-9077bc24bef7,ENTITY_VALUE_SYNONYM,"workspace.entities[entity=""portifolio""].values[type=""synonyms"", value=""portifolio""].synonyms[4]","""git"""
3b36c92c-84db-44f2-8e81-72a6fa68f0a0,ENTITY_VALUE_SYNONYM,"workspace.entities[entity=""portifolio""].values[type=""synonyms"", value=""portifolio""].synonyms[5]","""github"""
47b7a665-5878-45b6-af22-09991ee71d23,ENTITY_VALUE_SYNONYM,"workspace.entities[entity=""portifolio""].values[type=""synonyms"", value=""portifolio""].synonyms[6]","""hub"""
b768309d-ad54-46d8-8c85-e5e5a1a21adf,ENTITY_VALUE_SYNONYM,"workspace.entities[entity=""portifolio""].values[type=""synonyms"", value=""portifolio""].synonyms[7]","""link de"""
bfeb622d-a48d-4b58-82ad-5c279a0acafc,ENTITY_VALUE_SYNONYM,"workspace.entities[entity=""portifolio""].values[type=""synonyms"", value=""portifolio""].synonyms[8]","""link do portifólio"""
56729667-22fa-4049-b9f8-f82afb17fc72,ENTITY_VALUE_SYNONYM,"workspace.entities[entity=""portifolio""].values[type=""synonyms"", value=""portifolio""].synonyms[9]","""projetos"""
d87fe42e-ff93-40f6-bf18-4b573071d957,ENTITY_VALUE,"workspace.entities[entity=""saudação""].values[type=""synonyms"", value=""saudacao""].value","""saudacao"""
72f850ea-bff0-4a0a-99bc-cfff2acd48fc,ENTITY_VALUE_SYNONYM,"workspace.entities[entity=""saudação""].values[type=""synonyms"", value=""saudacao""].synonyms[0]","""aí"""
bb9689e4-33ee-4b8d-978b-197fbcef3f15,ENTITY_VALUE_SYNONYM,"workspace.entities[entity=""saudação""].values[type=""synonyms"", value=""saudacao""].synonyms[1]","""como vai"""
fd853f8c-90f6-49da-a8dd-96caa3065f64,ENTITY_VALUE_SYNONYM,"workspace.entities[entity=""saudação""].values[type=""synonyms"", value=""saudacao""].synonyms[2]","""e ai"""
21c59345-23b7-4424-a785-1ac63cd02c7f,ENTITY_VALUE_SYNONYM,"workspace.entities[entity=""saudação""].values[type=""synonyms"", value=""saudacao""].synonyms[3]","""fala"""
8921c679-cedd-405b-9820-9da38530571e,ENTITY_VALUE_SYNONYM,"workspace.entities[entity=""saudação""].values[type=""synonyms"", value=""saudacao""].synonyms[4]","""falaaa"""
f0e622c6-bab5-41d1-94c8-03f2f216acfd,ENTITY_VALUE_SYNONYM,"workspace.entities[entity=""saudação""].values[type=""synonyms"", value=""saudacao""].synonyms[5]","""fala aí"""
9b2c2258-fa26-4cc5-bd2a-31de152769f5,ENTITY_VALUE_SYNONYM,"workspace.entities[entity=""saudação""].values[type=""synonyms"", value=""saudacao""].synonyms[6]","""fala bixo"""
9be72351-477f-4561-9786-7baa5ee012d0,ENTITY_VALUE_SYNONYM,"workspace.entities[entity=""saudação""].values[type=""synonyms"", value=""saudacao""].synonyms[7]","""fala mano"""
28553a3a-5341-44c0-8329-a7d61f865137,ENTITY_VALUE_SYNONYM,"workspace.entities[entity=""saudação""].values[type=""synonyms"", value=""saudacao""].synonyms[8]","""oi"""
035354cb-c966-4ac6-9f5d-9039ca164941,ENTITY_VALUE_SYNONYM,"workspace.entities[entity=""saudação""].values[type=""synonyms"", value=""saudacao""].synonyms[9]","""ola"""
f563cc83-35c3-4527-8aab-98c82123edc6,ENTITY_VALUE_SYNONYM,"workspace.entities[entity=""saudação""].values[type=""synonyms"", value=""saudacao""].synonyms[10]","""salve salve"""
84ec8281-241d-4ce8-8ddb-f0e1c1ea21a6,ENTITY_VALUE_SYNONYM,"workspace.entities[entity=""saudação""].values[type=""synonyms"", value=""saudacao""].synonyms[11]","""saudacao"""
078822e4-b887-4ca1-99ba-78564e30f7e4,ENTITY_VALUE_SYNONYM,"workspace.entities[entity=""saudação""].values[type=""synonyms"", value=""saudacao""].synonyms[12]","""suave na nave?"""
3b639873-ede4-4bfd-b6af-5ca1c034872d,ENTITY_VALUE,"workspace.entities[entity=""SIM""].values[type=""synonyms"", value=""sim""].value","""sim"""
5d7af4d2-8428-4200-bba6-41e66962b47d,ENTITY_VALUE_SYNONYM,"workspace.entities[entity=""SIM""].values[type=""synonyms"", value=""sim""].synonyms[0]","""afirmativo"""
45cd1525-ad94-4e0a-b21f-1443544563cd,ENTITY_VALUE_SYNONYM,"workspace.entities[entity=""SIM""].values[type=""synonyms"", value=""sim""].synonyms[1]","""claro"""
d901462b-7ff5-4b4f-bdec-a65c8214bfb3,ENTITY_VALUE_SYNONYM,"workspace.entities[entity=""SIM""].values[type=""synonyms"", value=""sim""].synonyms[2]","""com certeza"""
700762f9-5f4e-4e3c-9fe1-30a53682b954,ENTITY_VALUE_SYNONYM,"workspace.entities[entity=""SIM""].values[type=""synonyms"", value=""sim""].synonyms[3]","""definitivo"""
2086e670-99d3-4390-a96e-9ad9877d9e3a,ENTITY_VALUE_SYNONYM,"workspace.entities[entity=""SIM""].values[type=""synonyms"", value=""sim""].synonyms[4]","""pode sim"""
387db3c8-ed86-46d5-8803-4b75c35e9c2f,ENTITY_VALUE_SYNONYM,"workspace.entities[entity=""SIM""].values[type=""synonyms"", value=""sim""].synonyms[5]","""s"""
c5b1cb5e-81e7-4e3e-9cf4-bc5cf0f103df,ENTITY_VALUE_SYNONYM,"workspace.entities[entity=""SIM""].values[type=""synonyms"", value=""sim""].synonyms[6]","""si"""
3b238c0a-acac-489a-8fe9-627f5d207e93,ENTITY_VALUE_SYNONYM,"workspace.entities[entity=""SIM""].values[type=""synonyms"", value=""sim""].synonyms[7]","""sim"""
8d9590fc-ae11-43c6-9c5a-8c70bdea5662,ENTITY_VALUE_SYNONYM,"workspace.entities[entity=""SIM""].values[type=""synonyms"", value=""sim""].synonyms[8]","""sin"""
8d898e1f-d6e2-4923-9775-54bcc67f28d0,ENTITY_VALUE_SYNONYM,"workspace.entities[entity=""SIM""].values[type=""synonyms"", value=""sim""].synonyms[9]","""yeah"""
3eb5c090-f66c-47e4-b40c-8ae950d438de,ENTITY_VALUE_SYNONYM,"workspace.entities[entity=""SIM""].values[type=""synonyms"", value=""sim""].synonyms[10]","""yeap"""
285961b0-8842-406f-9aad-bcd0aef1c19a,ENTITY_VALUE_SYNONYM,"workspace.entities[entity=""SIM""].values[type=""synonyms"", value=""sim""].synonyms[11]","""yes"""
ecc20d3c-1ca4-47d8-ace9-146c12626fc4,ENTITY_VALUE,"workspace.entities[entity=""sobrebot""].values[type=""synonyms"", value=""sobre o bot""].value","""sobre o bot"""
71b93a06-0daf-40b7-a40e-7187077bb106,ENTITY_VALUE_SYNONYM,"workspace.entities[entity=""sobrebot""].values[type=""synonyms"", value=""sobre o bot""].synonyms[0]","""com quem estou falando"""
a6a3a517-200f-4121-a0b1-1cd3a32d77ae,ENTITY_VALUE_SYNONYM,"workspace.entities[entity=""sobrebot""].values[type=""synonyms"", value=""sobre o bot""].synonyms[1]","""com quem eu falo"""
20b550b4-21cb-4fd8-a02e-b645c868bb15,ENTITY_VALUE_SYNONYM,"workspace.entities[entity=""sobrebot""].values[type=""synonyms"", value=""sobre o bot""].synonyms[2]","""o que eh você"""
05bddee3-8863-4e6f-a22a-7c6f524ba5e6,ENTITY_VALUE_SYNONYM,"workspace.entities[entity=""sobrebot""].values[type=""synonyms"", value=""sobre o bot""].synonyms[3]","""o que es tu"""
84637296-8c4a-479b-86fe-e2f81b63cd9c,ENTITY_VALUE_SYNONYM,"workspace.entities[entity=""sobrebot""].values[type=""synonyms"", value=""sobre o bot""].synonyms[4]","""o que é você"""
7b4a5adf-0098-4d2a-805b-16c98ffdad00,ENTITY_VALUE_SYNONYM,"workspace.entities[entity=""sobrebot""].values[type=""synonyms"", value=""sobre o bot""].synonyms[5]","""o que tu faz"""
b2cffa92-40c1-4a01-b2ee-fb8c9dcac7ba,ENTITY_VALUE_SYNONYM,"workspace.entities[entity=""sobrebot""].values[type=""synonyms"", value=""sobre o bot""].synonyms[6]","""o que vc faz"""
1235e5cc-7686-41b1-9218-08c0dffc67a9,ENTITY_VALUE_SYNONYM,"workspace.entities[entity=""sobrebot""].values[type=""synonyms"", value=""sobre o bot""].synonyms[7]","""o que vc pode fazer"""
423a3507-dd02-4bd3-a169-6fe8e58e66f8,ENTITY_VALUE_SYNONYM,"workspace.entities[entity=""sobrebot""].values[type=""synonyms"", value=""sobre o bot""].synonyms[8]","""o que você faz"""
1a124067-4ce0-47f8-8e8f-bcc39dd439c5,ENTITY_VALUE_SYNONYM,"workspace.entities[entity=""sobrebot""].values[type=""synonyms"", value=""sobre o bot""].synonyms[9]","""o q vc faz"""
2aa4915c-ae83-4f57-a3f4-c6bae07f8f49,ENTITY_VALUE_SYNONYM,"workspace.entities[entity=""sobrebot""].values[type=""synonyms"", value=""sobre o bot""].synonyms[10]","""que chatbot é vc"""
0ef75915-8506-4374-93a3-1e19c37c499d,ENTITY_VALUE_SYNONYM,"workspace.entities[entity=""sobrebot""].values[type=""synonyms"", value=""sobre o bot""].synonyms[11]","""quem eh vc"""
95a17e72-b45d-43dc-a420-7c85166732ae,ENTITY_VALUE_SYNONYM,"workspace.entities[entity=""sobrebot""].values[type=""synonyms"", value=""sobre o bot""].synonyms[12]","""quem eh você"""
eb121a22-c747-40eb-b45e-c9f54dbdbaa9,ENTITY_VALUE_SYNONYM,"workspace.entities[entity=""sobrebot""].values[type=""synonyms"", value=""sobre o bot""].synonyms[13]","""quem é vc"""
fa10fc64-3658-4d28-92c5-9b39b5f01dab,ENTITY_VALUE_SYNONYM,"workspace.entities[entity=""sobrebot""].values[type=""synonyms"", value=""sobre o bot""].synonyms[14]","""quem é você"""
5416af94-7d19-4eef-9270-7c9853e1bcad,ENTITY_VALUE_SYNONYM,"workspace.entities[entity=""sobrebot""].values[type=""synonyms"", value=""sobre o bot""].synonyms[15]","""que tipo de robo é vc"""
91b45d3d-a212-4852-8750-be95d6ab3a0a,ENTITY_VALUE_SYNONYM,"workspace.entities[entity=""sobrebot""].values[type=""synonyms"", value=""sobre o bot""].synonyms[16]","""q vc faz"""
47acc10e-6f60-4d2f-be49-30760ca32648,ENTITY_VALUE_SYNONYM,"workspace.entities[entity=""sobrebot""].values[type=""synonyms"", value=""sobre o bot""].synonyms[17]","""sobre vc"""
f48a6038-a046-4efa-9abe-d8f8c562223a,ENTITY_VALUE_SYNONYM,"workspace.entities[entity=""sobrebot""].values[type=""synonyms"", value=""sobre o bot""].synonyms[18]","""sobre você"""
9b7e7076-ee2d-4cb8-9773-cfe390d546d0,ENTITY_VALUE_SYNONYM,"workspace.entities[entity=""sobrebot""].values[type=""synonyms"", value=""sobre o bot""].synonyms[19]","""to falando com quem?"""